מקט,קו,מפעילה,מסלול,נסיעות ביום,מהן נגישות,אחוז נגיש
10332,332,נסיעות ותיירות,תחנת רכבת חיפה מרכז השמונה-חיפה<->שדרות מעלה יצחק/כרכום-נוף ,871,771,89%
14360,360,אלקטרה אפיקים תחבורה,סובת התאנה-אפרת<->שדרות שז''ר/בנייני האומה-ירושלים-2#,417,417,100%
10470,470,אגד,ת. מרכזית ירושלים קומה 3/רציפים-ירושלים<->ת.מרכזית באר שבע/ה,316,316,100%
12114,114,דן,מסוף ההגנה/איסוף-תל אביב יפו<->מסוף ההגנה/הורדה-תל אביב יפו-,292,292,100%
10388,388,מטרופולין,ת. מרכזית ערד/רציפים-ערד<->ת.מרכזית באר שבע/הורדה-באר שבע-2#,264,264,100%
11691,691,בית שמש אקספרס,קניון איילון-בני ברק<->שדרות האמוראים/רבינא-בית שמש-27,239,239,100%
11310,310,קווים,תחנה תפעולית/ביטוח לאומי-ירושלים<->משך חוכמה ז-מודיעין עילית,232,232,100%
10367,367,נתיב אקספרס,ת. מרכזית צפת/רציפים-צפת<->ת. מרכזית נהריה/הורדה-נהריה-2#,190,190,100%
10397,397,אגד,ת. מרכזית אילת/רציפים-אילת<->ת.מרכזית באר שבע/הורדה-באר שבע-,185,185,100%
10361,361,נתיב אקספרס,ת. מרכזית המפרץ/רציפים בינעירוני-חיפה<->ת. מרכזית צפת/הורדה-,178,178,100%
24020,20,מטרופולין,בי''ס אלמותנבי-כסיפה<->ת.מרכזית באר שבע/הורדה-באר שבע-2#,173,173,100%
16041,41,נתיב אקספרס,עירייה-מעלות תרשיחא<->ת. מרכזית נהריה/הורדה-נהריה-2א,172,172,100%
16380,380,נסיעות ותיירות,ת. מרכזית המפרץ/רציפים בינעירוני-חיפה<->כלא צלמון-מרום הגליל,151,151,100%
12143,143,אגד,ת. רכבת קרית אריה-פתח תקווה<->חניון אגד/דן שומרון-חולון-20,151,151,100%
21070,70,קווים,ת. מרכזית חדרה/רציפים-חדרה<->הנרקיס/הסביון-זכרון יעקב-13,146,146,100%
18047,47,קווים,דרך לב השרון/האילן-קדימה צורן<->ת. מרכזית נתניה/הורדה-נתניה-,146,146,100%
10690,690,בית שמש אקספרס,קניון איילון-בני ברק<->שדרות האמוראים/רבינא-בית שמש-2#,144,144,100%
14048,48א,אגד,ת.מרכזית באר שבע/רציפים בינעירוני-באר שבע<->מעלה ההר/המלאכה-,142,142,100%
13290,290,קווים,האדמו''ר מרוז'ין/רבי עקיבא-ביתר עילית<->הרטום/שדרות גולדה מא,138,138,100%
14139,139,קווים,ז'בוטינסקי/ אבו חצירא-בני ברק<->הר''ן/קדושת לוי-ביתר עילית-2,138,138,100%
13173,173,אגד,ת. רכבת תל אביב- סבידור/רציפים A-תל אביב יפו<->ת. מרכזית ראש,137,137,100%
25060,60א,קווים,ת.רכבת חדרה מערב/רציפים    -חדרה<->קידמה/התמדה-חריש-10,134,134,100%
10430,430,אגד,ת. מרכזית טבריה/רציפים-טבריה<->ת. מרכזית המפרץ/הורדה-חיפה-2#,131,131,100%
11170,170,נתיב אקספרס,קניון לב המפרץ/ההסתדרות-חיפה<->אל קודס/בנק הפועלים-טמרה-1ש,116,116,100%
10306,306,נתיב אקספרס,ת. מרכזית המפרץ/רציפים בינעירוני-חיפה<->אחמד חוסין עלאם/אל ב,114,114,100%
11166,166,נתיב אקספרס,ת. מרכזית המפרץ/רציפים בינעירוני-חיפה<->אום אלשתוייה-אעבלין-,112,112,100%
12163,163,אגד,ת.מרכזית תל אביב קומה 6/רציפים-תל אביב יפו<->ת. מרכזית ראשל',109,109,100%
11165,165,נתיב אקספרס,ת. מרכזית המפרץ/רציפים בינעירוני-חיפה<->שכונת חיילים משוחררי,108,108,100%
10500,500,אגד,ת. מרכזית ק''ש/רציפים-קרית שמונה<->ת. מרכזית המפרץ/הורדה-חיפ,108,108,100%
10511,511,נתיב אקספרס,ת. מרכזית צפת/רציפים-צפת<->ת. מרכזית ק''ש/הורדה-קרית שמונה-1,132,108,82%
12386,386,מטרופולין,ת. מרכזית ערד/רציפים-ערד<->ת.מרכזית באר שבע/הורדה-באר שבע-2#,105,105,100%
10169,169,נתיב אקספרס,צומת דיר חנא-דייר חנא<->ת. מרכזית המפרץ/הורדה-חיפה-2ז,94,94,100%
10961,961,אגד,מסוף בית שאן/איסוף-בית שאן<->ת. מרכזית ירושלים/הורדה-ירושלים,81,81,100%
10356,356,סופרבוס,מעלה יצחק/הרב פינחס מילר-נוף הגליל<->בית חולים העמק-עפולה-21,80,80,100%
17282,282,נתיב אקספרס,אבו סנאן סולטאן באשא א-אבו סנאן<->ת. מרכזית המפרץ/הורדה-חיפה,80,80,100%
17064,64,קווים,ת. מרכזית חדרה/רציפים-חדרה<->איבטן-זמר-11,69,69,100%
20049,49,קווים,בית חולים הלל יפה-חדרה<->אל עריאן/מסגד-אל עריאן-20,69,69,100%
10962,962,אגד,ת. מרכזית ירושלים קומה 3/רציפים-ירושלים<->ת. מרכזית טבריה/הו,64,64,100%
16068,68,קווים,ביה''ס אשאטי-ג'סר א זרקא<->ת. מרכזית חדרה/רציפים-חדרה-20,63,63,100%
10449,449,אגד,ת. מרכזית ירושלים קומה 3/רציפים-ירושלים<->כיכר המעפיל-קרית ג,54,54,100%
11188,188,סופרבוס,קריית החינוך-יקנעם עילית<->ת. מרכזית המפרץ/הורדה-חיפה-20,47,47,100%
13180,180,סופרבוס,מחנה אליקים-מגידו<->ת. מרכזית המפרץ/הורדה-חיפה-21,46,46,100%
13299,299,קווים,מסוף אום אל פחם-אום אל פחם<->ת.מרכזית תל אביב קומה 6/הורדה-ת,46,46,100%
22400,400,מטרופולין,ת. מרכזית ערד/רציפים-ערד<->ת. רכבת להבים רהט-להבים-21,46,46,100%
13372,372,מטרופולין,חניון קרית אריה/החרש-פתח תקווה<->מלכי ישראל/דרך הדרום-קרית ג,46,46,100%
18151,151,מועצה אזורית גולן,ת.מרכזית עפולה/רציפים-עפולה<->קניון לב קצרין-קצרין-20,43,43,100%
25284,284,נתיב אקספרס,בי''ס תיכון-ירכא<->ת. מרכזית המפרץ/הורדה-חיפה-2#,42,42,100%
12387,387,מטרופולין,ת. מרכזית ערד/רציפים-ערד<->מכללה טכנולוגית חיל האוויר/דרך אי,30,30,100%
10446,446,אגד,ת. מרכזית ירושלים קומה 3/רציפים-ירושלים<->ת.מרכזית באר שבע/ה,10,10,100%
16263,263,קווים,גן לאומי קיסריה-קיסריה<->הנרקיס/הסביון-זכרון יעקב-20,6,3,50%
12165,165,אגד,ת. מרכזית רחובות/רציפים-רחובות<->רכבת קריית אריה/חנה וסע-פתח,2,2,100%
10462,462,קווים,ארבע עונות/נירים-לוד<->ת. רכבת תל אביב - סבידור/דרך נמיר-תל ,163,0,0%
11460,460,קווים,ת. רכבת תל אביב- סבידור/רציפים A-תל אביב יפו<->מסוף הרכבת הי,64,0,0%
10475,475,קווים,ת.מרכזית תל אביב קומה 6/רציפים-תל אביב יפו<->האלה/דרך לוד הי,110,0,0%
12408,408,אגד,ת. מרכזית ירושלים/יפו-ירושלים<->תיכון מקיף ערבי/יוספטל-רמלה-,255,0,0%
14067,67,קווים,ת. מרכזית חדרה/רציפים-חדרה<->מסוף רכבת קיסריה פרדס חנה/הורדה,7,0,0%
21074,74,קווים,ת. מרכזית חדרה/רציפים-חדרה<->רוטשילד/מנחם ציוני-אור עקיבא-12,80,0,0%
30075,75,קווים,וייצמן/שידלובסקי-אור עקיבא<->ת. מרכזית חדרה/רציפים-חדרה-22,92,0,0%
10705,705,קווים,הפרדס/שפק-חדרה<->ת. מרכזית נתניה/הורדה-נתניה-11,29,0,0%
10706,706,קווים,הפרדס/שפק-חדרה<->ת. מרכזית נתניה/הורדה-נתניה-13,15,0,0%
10710,710,קווים,ת. מרכזית נתניה/רציפים-נתניה<->דרך אהרון/חווה חקלאית-זכרון י,23,0,0%
10730,730,קווים,ת. מרכזית נתניה/רציפים-נתניה<->בי''ס אלישבע/דרך הבנים-פרדס ח,128,0,0%
12729,729,קווים,דרך הבנים/דרך משמרות-פרדס חנה כרכור<->ת. מרכזית נתניה/הורדה-,138,0,0%
11343,343,מטרופולין,ת.מרכזית באר שבע/רציפים בינעירוני-באר שבע<->המעפילים/דניאל-ש,40,0,0%
11474,474,קווים,מסוף אוניברסיטת ת''א -תל אביב יפו<->ארבע עונות/חללי אגוז-לוד,10,0,0%
11464,464,קווים,בי''ס חב''ד ב' לבנים/יוספטל-לוד<->מסוף אוניברסיטת ת''א/הורדה,9,0,0%
22064,64,מטרופולין,ת.מרכזית באר שבע/רציפים בינעירוני-באר שבע<->מרכז מסחרי/מצפה ,124,0,0%
30028,28,קווים,ת. מרכזית רמלה/רציפים-רמלה<->בית חולים שמואל הרופא-באר יעקב-,40,0,0%
11357,357,קווים,מרכז תחבורתי הארזים/בינעירוני-ירושלים<->בית ספר לבנות בית רב,12,0,0%
28084,84,קווים,ז'בוטינסקי/הגיבורים-חדרה<->דרך שרה/כ''ט בנובמבר-זכרון יעקב-1,21,0,0%
25021,21,קווים,ת. מרכזית חדרה/רציפים-חדרה<->דרך ניל''י/ההגנה-בנימינה גבעת ע,12,0,0%
24059,59,קווים,דרך המסילה/ששת הימים-בנימינה גבעת עדה<->קופ''ח כללית-ג'ת-20,18,0,0%
11277,277,אגד,מסוף רדינג/רציפים-תל אביב יפו<->המלך חסן השני/בוסי סנט ג'ורג,143,0,0%
12302,302,אגד,ת. רכבת תל אביב- סבידור/רציפים A-תל אביב יפו<->עמק חפר/בקעת ,10,0,0%
13400,400,דרך אגד עוטף ירושלים,אזור התעשייה-בני ברק<->ת. מרכזית ירושלים/הורדה-ירושלים-10,141,0,0%
11118,118,מטרופולין,נחל אלכסנדר/כביש 5533-צור יצחק<->תחנה מרכזית כפ''ס/הורדה-כפר,252,0,0%
10375,375,מטרופולין,ת. רכבת תל אביב- סבידור/רציפים A-תל אביב יפו<->מלכי ישראל/דר,16,0,0%
14031,31,אגד,ת. מרכזית אשקלון רציפים/בינעירוני-אשקלון<->מרכז ביג קסטינה-ק,55,0,0%
12454,454,גלים,שדרות נפתלי הרץ אימבר/כפר דרום-באר שבע<->חממות-רהט-20,32,0,0%
22059,59א,מועצה אזורית גולן,זוויתן/יהודיה-קצרין<->ת. מרכזית ק''ש/הורדה-קרית שמונה-13,81,0,0%
21047,47,סופרבוס,ת.מרכזית עפולה/רציפים-עפולה<->מועדון פיס לגיל הזהב-אכסאל-12,95,0,0%
19032,32,קווים,ת. מרכזית חדרה/רציפים-חדרה<->הארזים/האורנים-בנימינה גבעת עדה,10,0,0%
19045,45,קווים,דרך המסילה/ששת הימים-בנימינה גבעת עדה<->מסוף אום אל פחם-אום ,22,0,0%
17046,46,קווים,ת.רכבת חדרה מערב/רציפים    -חדרה<->מסוף אום אל פחם-אום אל פח,67,0,0%
19048,48,קווים,דרך המסילה/ששת הימים-בנימינה גבעת עדה<->אל עריאן/מסגד-אל ערי,27,0,0%
18052,52,קווים,בית חולים הלל יפה-חדרה<->צומת זמר-זמר-21,41,0,0%
17053,53,קווים,אל ענבר/אל שרק-פוריידיס<->ת. מרכזית חדרה/רציפים-חדרה-20,37,0,0%
19063,63,קווים,מסוף חריש/איסוף-חריש<->ת.רכבת חדרה מערב-חדרה-11,31,0,0%
31022,22,קווים,מסוף שוהם-שוהם<->מסוף הרכבת הישן/הורדה-לוד-20,22,0,0%
10259,259,מטרופולין,מסוף עתידים-תל אביב יפו<->איזור התעשיה כפר סבא-כפר סבא-2#,244,0,0%
26063,63,נתיב אקספרס,מגרש ספורט-טובא זנגריה<->מסוף חצור הגלילית/הורדה-חצור הגלילי,98,0,0%
10556,556,אגד,אדוריים/רמות דוד-קרית גת<->ת. מרכזית ירושלים/הורדה-ירושלים-1,302,0,0%
12301,301,סופרבוס,אורט אורן/פארק מים-עפולה<->תחנת רכבת חיפה מרכז השמונה-חיפה-2,200,0,0%
11302,302,סופרבוס,ת.מרכזית עפולה/רציפים-עפולה<->ת. מרכזית המפרץ/הורדה-חיפה-20,5,0,0%
12793,793,סופרבוס,כיכר מרכזית חילף-בסמת טבעון<->מרכז רפואי לין/שדרות רוטשילד-ח,21,0,0%
13185,185,סופרבוס,בית ספר מגידו / 6953-מגידו<->ת. רכבת כפר יהושע/הורדה-כפר יהו,25,0,0%
13297,297,קווים,ברטעה-בסמ''ה<->מלל/יערי-חיפה-11,10,0,0%
10377,377,מטרופולין,ת.מרכזית באר שבע/רציפים בינעירוני-באר שבע<->ת. מרכזית ראשל'',54,0,0%
12348,348,מטרופולין,ת.מרכזית באר שבע/רציפים בינעירוני-באר שבע<->ת. מרכזית אשדוד-,104,0,0%
18065,65,מטרופולין,מרפאות חוץ סורוקה/אוניברסיטת בן גוריון-באר שבע<->מרכז מסחרי/,62,0,0%
26056,56,נתיב אקספרס,כביש 500/א שייח' אמין טריף-שפרעם<->סחנין עיריה-סח'נין-2#,32,0,0%
21057,57,נתיב אקספרס,ביר אלטירה כניסה-טמרה<->ת. רכבת כרמיאל-כרמיאל-2#,116,0,0%
13171,171,נתיב אקספרס,ביר אל מכסור כניסה-ביר אל מכסור<->קניון לב המפרץ-חיפה-2ש,74,0,0%
22058,58,נתיב אקספרס,אבו סנאן סולטאן באשא א-אבו סנאן<->ת. רכבת כרמיאל-כרמיאל-2#,80,0,0%
12280,280,אלקטרה אפיקים,ת. מרכזית אשדוד/רציפים-אשדוד<->ת. רכבת תל אביב - סבידור/הורד,278,0,0%
12284,284,אלקטרה אפיקים,ת. מרכזית ראשל''צ/רציפים-ראשון לציון<->ת. מרכזית אשדוד-אשדוד,86,0,0%
11312,312,אלקטרה אפיקים,ת.מרכזית תל אביב קומה 6/רציפים-תל אביב יפו<->ת. מרכזית אשדוד,223,0,0%
13450,450,גלים,שדרות נפתלי הרץ אימבר/כפר דרום-באר שבע<->חממות-רהט-20,215,0,0%
11320,320,אלקטרה אפיקים,ת. מרכזית אשדוד/רציפים-אשדוד<->ת.מרכזית תל אביב קומה 6/הורדה,297,0,0%
12321,321,אלקטרה אפיקים,ת.מרכזית תל אביב קומה 6/רציפים-תל אביב יפו<->כיכר טופז-אשדוד,52,0,0%
10212,212,אלקטרה אפיקים,ת. מרכזית אשדוד/רציפים-אשדוד<->ת. מרכזית רחובות/הורדה-רחובות,255,0,0%
13220,220,אלקטרה אפיקים,ת. מרכזית רחובות/רציפים-רחובות<->ת. מרכזית אשדוד-אשדוד-2#,56,0,0%
10313,313,אלקטרה אפיקים,ת. מרכזית רמלה/רציפים-רמלה<->ת. מרכזית אשדוד-אשדוד-2#,62,0,0%
16065,65,נתיב אקספרס,אל ג'בל א-דייר אל אסד<->פארק 2-נחף-2א,326,0,0%
17066,66,נתיב אקספרס,מסעף מג'ד אל כרום מזרח-מג'ד אל כרום<->מרכז טניס-סאג'ור-2#,262,0,0%
25086,86,נתיב אקספרס,בית ספר נוטרדאם-מעיליא<->מאר אליאס/אל מרג'-פסוטה-22,14,0,0%
26012,12,נתיב אקספרס,מתחם ביג כרמיאל-כרמיאל<->הרב קוק/ז'בוטינסקי-מעלות תרשיחא-2#,148,0,0%
14039,39,נתיב אקספרס,בית כנסת/ז'בוטינסקי-מעלות תרשיחא<->ת. מרכזית נהריה/הורדה-נהר,65,0,0%
10600,600,מטרופולין,ת. מרכזית נתניה/רציפים-נתניה<->ת.מרכזית תל אביב קומה 6/הורדה,90,0,0%
10650,650,מטרופולין,מסוף עין התכלת/איסוף-נתניה<->ת.מרכזית תל אביב קומה 6/הורדה-ת,186,0,0%
10606,606,מטרופולין,ת. רכבת נתניה-נתניה<->ת.מרכזית תל אביב קומה 6/הורדה-תל אביב ,190,0,0%
10601,601,מטרופולין,ת.מרכזית תל אביב קומה 6/רציפים-תל אביב יפו<->ת. רכבת נתניה-נ,193,0,0%
10613,613,מטרופולין,בית העלמין/חזון אי''ש-בני ברק<->קמיל הויסמנס/בלפור-נתניה-2#,689,0,0%
10605,605,מטרופולין,דרך רזיאל/הרב ריינס-נתניה<->ת.מרכזית תל אביב קומה 6/הורדה-תל,198,0,0%
10610,610,מטרופולין,איזור התעשיה כפר סבא-כפר סבא<->ת. רכבת נתניה-נתניה-2#,92,0,0%
22056,56,סופרבוס,קריית החינוך-יקנעם עילית<->ת.מרכזית עפולה/הורדה-עפולה-20,16,0,0%
14156,156,סופרבוס,ת. רכבת בנימינה-בנימינה גבעת עדה<->ת.מרכזית עפולה/הורדה-עפול,10,0,0%
10348,348,סופרבוס,מסוף מגדל העמק/רציפים-מגדל העמק<->מינהלת בית החולים העמק-עפו,91,0,0%
11411,411,סופרבוס,מסוף בית שאן/איסוף-בית שאן<->ת.מרכזית עפולה/הורדה-עפולה-20,58,0,0%
11412,412,סופרבוס,מסוף בית שאן/איסוף-בית שאן<->ת.מרכזית עפולה/הורדה-עפולה-20,96,0,0%
12350,350,סופרבוס,ת.מרכזית עפולה/רציפים-עפולה<->אום אל גנם/יציאה-שבלי-13,74,0,0%
12354,354,סופרבוס,בית חולים העמק-עפולה<->האדמו''ר מבעלזא/דובר שלום-נוף הגליל-1,76,0,0%
19028,28,נסיעות ותיירות,סחנין יציאה מערבית-סח'נין<->תחנה מרכזית-נצרת-2#,198,0,0%
10342,342,נסיעות ותיירות,ת. מרכזית המפרץ/רציפים בינעירוני-חיפה<->שוק נוף הגליל-נוף הג,194,0,0%
25012,12א,נסיעות ותיירות,מזאריב 1-זרזיר<->אל הייב 5-זרזיר-13,314,0,0%
16060,60,נסיעות ותיירות,מתחם ביג כרמיאל-כרמיאל<->מראר-מגאר-2#,331,0,0%
17061,61,נסיעות ותיירות,עוקף דיר חנא ב-דייר חנא<->ת. רכבת כרמיאל-כרמיאל-1#,62,0,0%
10338,338,נסיעות ותיירות,ת. מרכזית המפרץ/רציפים בינעירוני-חיפה<->מרכז מסחרי/המעיין-נו,382,0,0%
10364,364,דן בדרום,ת. מרכזית אשקלון רציפים/בינעירוני-אשקלון<->ת.מרכזית באר שבע/,164,0,0%
11299,299,נסיעות ותיירות,מגאר ג'/מרכז-מגאר<->אוניברסיטה/רב תכליתי-חיפה-1א,84,0,0%
10365,365,דן בדרום,מסוף פארק אופקים-אופקים<->ת.מרכזית אשקלון/הורדה-אשקלון-2#,16,0,0%
11061,61,נתיב אקספרס,ת.מרכזית עכו/דרך הארבעה-עכו<->אבו סנאן 104-אבו סנאן-1#,64,0,0%
11064,64,נתיב אקספרס,מועצה מקומית-ירכא<->דרך הארבעה/דרך המלאכה-עכו-2#,82,0,0%
10567,567,מטרופולין,הנביאים/ישעיהו-כפר סבא<->ת.מרכזית תל אביב קומה 6/הורדה-תל אב,573,0,0%
10442,442,אגד,ת. מרכזית טבריה/רציפים-טבריה<->ת.מרכזית עפולה/הורדה-עפולה-1ך,78,0,0%
10271,271,נתיב אקספרס,בית כנסת/ז'בוטינסקי-מעלות תרשיחא<->תחנת רכבת חיפה מרכז השמונ,456,0,0%
10272,272,נתיב אקספרס,ת. מרכזית נהריה/רציפים-נהריה<->ת. מרכזית המפרץ/הורדה-חיפה-2ז,165,0,0%
10390,390,אגד,ת. מרכזית אילת/רציפים-אילת<->ת.מרכזית תל אביב קומה 6/הורדה-ת,104,0,0%
10399,399,אגד,ת. מרכזית נתניה/רציפים-נתניה<->ת. מרכזית אילת-אילת-11,28,0,0%
10504,504,מטרופולין,ת. רכבת תל אביב- סבידור/רציפים A-תל אביב יפו<->קרית הספורט/ו,140,0,0%
11505,505,מטרופולין,בי''ח שיב''א/שדרות אהרון קציר-רמת גן<->קרית הספורט/וייצמן-רע,28,0,0%
10984,984,נתיב אקספרס,טעם הצבי/שלב א-חצור הגלילית<->מסוף אלוף שדה-רמת גן-2א,96,0,0%
10575,575,מטרופולין,ת. רכבת תל אביב- סבידור/רציפים A-תל אביב יפו<->תחנה מרכזית כ,237,0,0%
10826,826,אגד,חניון אגד/העבודה-נוף הגליל<->ת.מרכזית תל אביב קומה 7/הורדה-ת,115,0,0%
10832,832,אגד,מפעלים אזוריים צמח-מפעלים אזוריים צמח<->ת.מרכזית תל אביב קומ,3,0,0%
10836,836,אגד,ת. מרכזית טבריה/רציפים-טבריה<->ת.מרכזית תל אביב קומה 7/הורדה,244,0,0%
10251,251,נתיב אקספרס,חוף הלגונה/כנרית-עכו<->ת. מרכזית המפרץ/הורדה-חיפה-2ז,134,0,0%
10465,465,אלקטרה אפיקים תחבורה,היובל/הגיתית-קדומים<->שדרות שז''ר/בנייני האומה-ירושלים-2#,50,0,0%
11068,68,נתיב אקספרס,ת.מרכזית עכו/דרך הארבעה-עכו<->דייר חנא ו'/כביש ראשי-דייר חנא,140,0,0%
10910,910,אגד,ת.מרכזית תל אביב קומה 7/רציפים-תל אביב יפו<->ת. רכבת חוף הכר,169,0,0%
10350,350,אלקטרה אפיקים,רשב''י/שדרות הרב לוין-אשדוד<->מגדל ויטה/דרך בן גוריון-בני בר,690,0,0%
10265,265,נתיב אקספרס,ת. מרכזית המפרץ/רציפים בינעירוני-חיפה<->מתחם ביג כרמיאל-כרמי,104,0,0%
10437,437,אגד,ת. מרכזית ירושלים קומה 3/רציפים-ירושלים<->מרכז אפרידר/ככר צפ,167,0,0%
10950,950,אגד,צומת אל על-נמל תעופה בן גוריון<->ת. מרכזית נתניה/הורדה-נתניה,158,0,0%
10953,953,אגד,ת. מרכזית ירושלים קומה 3/רציפים-ירושלים<->ת.מרכזית עפולה/הור,56,0,0%
10955,955,אגד,חניון אגד/העבודה-נוף הגליל<->ת. מרכזית ירושלים/הורדה-ירושלים,32,0,0%
10960,960,אגד,ת. מרכזית ירושלים קומה 3/רציפים-ירושלים<->ת. מרכזית המפרץ/הו,95,0,0%
10048,48,נתיב אקספרס,ת. מרכזית נהריה/רציפים-נהריה<->ת. רכבת אחיהוד/הורדה-אחיהוד-1,88,0,0%
10434,434,אגד,ת. מרכזית ירושלים קומה 3/רציפים-ירושלים<->ת. מרכזית רחובות/ר,60,0,0%
10448,448,דן בדרום,ת. מרכזית ירושלים קומה 3/רציפים-ירושלים<->ת. מרכזית אשדוד-אש,214,0,0%
10551,551,מטרופולין,החרש/עמל-פתח תקווה<->בן ציון מיכאלי/הרכבת-הרצליה-21,228,0,0%
11167,167,נתיב אקספרס,קניון לב המפרץ/ההסתדרות-חיפה<->שכונת חיילים משוחררים 2-שפרעם,154,0,0%
10168,168,נתיב אקספרס,אלרויס/אל דריגאת-מטה אשר<->ת. מרכזית המפרץ/הורדה-חיפה-2ח,90,0,0%
10407,407,אגד,מסוף עין התכלת/איסוף-נתניה<->מרכז תחבורתי הארזים/הורדה-ירושל,127,0,0%
10431,431,אגד,ת. מרכזית ראשל''צ/רציפים-ראשון לציון<->ת. מרכזית ירושלים/הור,46,0,0%
10451,451,דן בדרום,מסוף הר חוצבים/המרפא-ירושלים<->שדרות הפלמח/חטיבת כרמלי-אשדוד,53,0,0%
10550,550,אגד,קניון איילון-בני ברק<->מלון יפה נוף-ערד-1ב,70,0,0%
12149,149,מטרופולין,ת.מרכזית תל אביב קומה 6/רציפים-תל אביב יפו<->איזור התעשיה כפ,653,0,0%
10433,433,אגד,ת. מרכזית ראשל''צ/רציפים-ראשון לציון<->ת. מרכזית ירושלים/הור,230,0,0%
10352,352,מטרופולין,שדרות מלכי ישראל/שדרות לכיש-קרית גת<->מסוף השחר/הרב עובדיה י,88,0,0%
10993,993,אגד,ת. מרכזית המפרץ/רציפים בינעירוני-חיפה<->ת. מרכזית אילת-אילת-,26,0,0%
19094,94,נתיב אקספרס,בית מרקחת-כאבול<->בית ספר מאר אליאס-אעבלין-2#,11,0,0%
10355,355,אלקטרה אפיקים,ת. מרכזית אשקלון רציפים/בינעירוני-אשקלון<->מגדל ויטה/דרך בן ,33,0,0%
16095,95,נתיב אקספרס,העיר העתיקה-עכו<->בית ספר מאר אליאס-אעבלין-2ז,8,0,0%
10369,369,מטרופולין,מסוף קסטינה-מלאכי לדרום-באר טוביה<->ת.מרכזית באר שבע/הורדה-ב,212,0,0%
10980,980,נתיב אקספרס,מסוף אלוף שדה-רמת גן<->ת. מרכזית צפת/הורדה-צפת-1ה,114,0,0%
10982,982,נתיב אקספרס,מרכז תחבורתי הארזים/בינעירוני-ירושלים<->ת. מרכזית צפת/הורדה-,35,0,0%
10319,319,אגד,מנחם בגין/בית עלמין-רחובות<->קניון איילון-בני ברק-1א,119,0,0%
21030,30,מטרופולין,ת.מרכזית באר שבע/רציפים בינעירוני-באר שבע<->בית הקשתות-לקיה-,174,0,0%
19050,50,מטרופולין,בית ספר לחינוך מיוחד-ערערה בנגב<->מכללת קיי/יהודה הלוי-באר ש,194,0,0%
10996,996,אגד,מעלות דוד-רכסים<->מרכז תחבורתי הארזים/הורדה-ירושלים-21,77,0,0%
10840,840,אגד,ת.מרכזית תל אביב קומה 7/רציפים-תל אביב יפו<->ת. מרכזית ק''ש/,13,0,0%
10845,845,אגד,ת. מרכזית ק''ש/רציפים-קרית שמונה<->ת.מרכזית תל אביב קומה 7/ה,125,0,0%
10846,846,אגד,ת.מרכזית תל אביב קומה 7/רציפים-תל אביב יפו<->ת. מרכזית צפת/ה,6,0,0%
10853,853,אגד,מבוא חמה-מבוא חמה<->ת.מרכזית תל אביב קומה 7/הורדה-תל אביב יפ,2,0,0%
10870,870,אגד,ת.מרכזית עפולה/רציפים-עפולה<->ת.מרכזית באר שבע/הורדה-באר שבע,53,0,0%
10909,909,אגד,ת. מרכזית המפרץ/הורדה-חיפה<->ת.מרכזית תל אביב קומה 7/הורדה-ת,131,0,0%
10480,480,אגד,מסוף גילה/המרגלית-ירושלים<->ת. רכבת תל אביב - סבידור/הורדה-ת,213,0,0%
11331,331,גי.בי.טורס,מרכז רפואי לין/רוטשילד-חיפה<->פאולוס השישי/תאופיק זיאד-נצרת-,112,0,0%
12333,333,גי.בי.טורס,כפר כנא ב'/בי''ס חט''ב א-כפר כנא<->אוניברסיטה/רב תכליתי-חיפה,41,0,0%
11210,210,קווים,נתיבות המשפט/סמינר-מודיעין עילית<->אזור התעשייה-בני ברק-19,161,0,0%
12220,220,קווים,אזור התעשייה-בני ברק<->אור החיים ט-מודיעין עילית-20,219,0,0%
12230,230,קווים,רבי עקיבא/רב ושמואל-מודיעין עילית<->אזור התעשייה-בני ברק-12,114,0,0%
11240,240,קווים,הגר''א/שדרות הרב מפוניבז-מודיעין עילית<->אזור התעשייה-בני בר,227,0,0%
20062,62,מטרופולין,ת.מרכזית באר שבע/רציפים בינעירוני-באר שבע<->אלסלאם/אלתקוא-חו,203,0,0%
10300,300,אגד,ת.מרכזית תל אביב קומה 6/רציפים-תל אביב יפו<->מרכז אפרידר/ככר,120,0,0%
22051,51,מועצה אזורית גולן,נטור-נטור<->ת. מרכזית טבריה/הורדה-טבריה-10,242,0,0%
25052,52,מועצה אזורית גולן,ת. מרכזית טבריה/השילוח-טבריה<->קניון לב קצרין-קצרין-21,42,0,0%
25053,53,מועצה אזורית גולן,מסוף חצור הגלילית/רציפים-חצור הגלילית<->יקבי רמת הגולן-קצרין,63,0,0%
20060,60,מועצה אזורית גולן,נטור-נטור<->ישיבה/דרך הגבורה-טבריה-11,18,0,0%
26072,72,מועצה אזורית גולן,בית ספר אזורי בית ירח-עמק הירדן<->גשור-גשור-20,10,0,0%
43082,82,מועצה אזורית גולן,האלון/התאנה-מעלה גמלא<->בית ספר נופי גולן/סלעית-קצרין-20,8,0,0%
17038,38א,אלקטרה אפיקים,פינס/שדרות בן גוריון-גדרה<->ת. מרכזית אשדוד-אשדוד-21,100,0,0%
12300,300,קווים,תחנה תפעולית/ביטוח לאומי-ירושלים<->שדרות בית שמאי/שדרות בית ,13,0,0%
10320,320,קווים,חניון תח''צ/שדרות בית הלל-מודיעין עילית<->בנייני האומה/הנשיא,114,0,0%
10330,330,קווים,תחנה תפעולית/ביטוח לאומי-ירושלים<->שדרות אביי ורבא/רבי טרפון,175,0,0%
10110,110,קווים,חומש/יפה נוף-מבוא חורון<->הרטום/שדרות גולדה מאיר-ירושלים-15,58,0,0%
10981,981,נתיב אקספרס,ת. מרכזית צפת/רציפים-צפת<->מסוף אלוף שדה-רמת גן-2#,216,0,0%
10293,293,נסיעות ותיירות,אוניברסיטה/רב תכליתי-חיפה<->שעב/כביש ראשי-שעב-2#,55,0,0%
12229,229,קווים,חניון תח''צ/שדרות בית הלל-מודיעין עילית<->הרב נורוק/אברבנאל-,5,0,0%
10316,316,קווים,הרא''ה/ולנשטיין-ירושלים<->משך חוכמה ז-מודיעין עילית-20,5,0,0%
10326,326,קווים,הרא''ה/ולנשטיין-ירושלים<->אור החיים ט-מודיעין עילית-20,5,0,0%
10327,327,קווים,אגרות משה/חזון איש-ירושלים<->אור החיים ט-מודיעין עילית-20,5,0,0%
13332,332,קווים,קרית נוער/הרב פרנק-ירושלים<->שדרות אביי ורבא/רבי טרפון-מודיע,5,0,0%
12336,336,קווים,חניון תח''צ/שדרות בית הלל-מודיעין עילית<->קניון רמות/גולדה מ,5,0,0%
11337,337,קווים,חניון תח''צ/שדרות בית הלל-מודיעין עילית<->אגרות משה/חזון אי',5,0,0%
10344,344,קווים,שדרות בית שמאי/שדרות בית הלל-מודיעין עילית<->רוזנטל-ירושלים-,5,0,0%
10566,566,אלקטרה אפיקים,מסוף כרמלית/הכרמל-תל אביב יפו<->בית העלמין-ראש העין-20,36,0,0%
10461,461,קווים,ת.מרכזית תל אביב קומה 6/רציפים-תל אביב יפו<->ת. מרכזית לוד/ה,263,0,0%
10183,183,תנופה,כסלון ב-כסלון<->שדרות שז''ר/בנייני האומה-ירושלים-20,76,0,0%
11380,380,מטרופולין,ת.מרכזית באר שבע/רציפים בינעירוני-באר שבע<->ת. רכבת תל אביב ,144,0,0%
10458,458,מטרופולין,מסוף השחר/הרב עובדיה יוסף-דימונה<->מרכז תחבורתי הארזים/הורדה,129,0,0%
10688,688,מטרופולין,מכללת אחוה-באר טוביה<->יהודה/תחנה מרכזית-ערד-11,18,0,0%
24055,55,מטרופולין,שד' גולדה מאיר/שד' הרצל-דימונה<->מרכז מסחרי/מצפה רמון-מצפה ר,30,0,0%
11370,370,מטרופולין,ת.מרכזית באר שבע/רציפים בינעירוני-באר שבע<->ת.מרכזית תל אביב,232,0,0%
11339,339,גי.בי.טורס,פאולוס השישי/תאופיק זיאד-נצרת<->ת. מרכזית המפרץ/הורדה-חיפה-1,48,0,0%
11336,336,גי.בי.טורס,פאולוס השישי/תאופיק זיאד-נצרת<->ת. מרכזית המפרץ/הורדה-חיפה-1,5,0,0%
17026,26,גי.בי.טורס,מחלף טורען-טורעאן<->שוק נוף הגליל-נוף הגליל-2ג,79,0,0%
16027,27,גי.בי.טורס,עוזייר שכונה צפונית-עוזייר<->שוק נוף הגליל-נוף הגליל-2ג,38,0,0%
19031,31,גי.בי.טורס,יפיע/אל-אלמאניה-יפיע<->המכללה האקדמית כנרת-עמק הירדן-1ד,25,0,0%
17032,32,גי.בי.טורס,החשמל/דב גרונר-חיפה<->בנק-טורעאן-2#,7,0,0%
10335,335,גי.בי.טורס,מחנה ג'למה-זבולון<->כפר כנא ז'/בי''ס חט''ב א-כפר כנא-2#,7,0,0%
11451,451,קווים,ת.מרכזית תל אביב קומה 6/רציפים-תל אביב יפו<->קניון צ. רמלה ל,201,0,0%
10559,559,מטרופולין,מלון יפה נוף-ערד<->בן איש חי/קארו-בית שמש-1#,102,0,0%
10547,547,אגד,אדוריים/רמות דוד-קרית גת<->שדרות הפלמח/חטיבת כרמלי-אשדוד-2ב,97,0,0%
10347,347,מטרופולין,דפנה/התדהר-רעננה<->ת.מרכזית תל אביב קומה 6/הורדה-תל אביב יפו,612,0,0%
12111,111,קווים,ת. רכבת תל אביב- סבידור/רציפים A-תל אביב יפו<->בריכה/עמק דות,524,0,0%
14154,154,קווים,המרכבה/הבנאי-חולון<->שדרות החשמונאים/לב העיר-מודיעין מכבים ר,33,0,0%
13114,114,קווים,חניון הלאום-ירושלים<->שדרות החשמונאים/לב העיר-מודיעין מכבים ,4,0,0%
21058,58,מועצה אזורית גולן,ת. מרכזית ק''ש/רציפים-קרית שמונה<->אל רום-אל רום-20,28,0,0%
15104,104,קווים,ת. רכבת תל אביב- סבידור/רציפים A-תל אביב יפו<->עירייה-מודיעי,8,0,0%
13105,105,קווים,ת. רכבת תל אביב- סבידור/רציפים A-תל אביב יפו<->עירייה-מודיעי,7,0,0%
10553,553,מטרופולין,מסוף משה ארנס/רציפים-פתח תקווה<->השונית/יורדי ים-הרצליה-2#,48,0,0%
20057,57,מועצה אזורית גולן,ת. מרכזית טבריה/השילוח-טבריה<->קניון לב קצרין-קצרין-21,68,0,0%
13113,113,קווים,עמק דותן/עמק יזרעאל-מודיעין מכבים רעות<->הג'וינט/דרך בלפור-י,18,0,0%
23062,62,מועצה אזורית גולן,שיאון/טיילת נווה-קצרין<->אולפנית/דרך מנחם בגין-טבריה-10,22,0,0%
39087,87,מועצה אזורית גולן,מועצה-מסעדה<->בית ספר נופי גולן/סלעית-קצרין-20,12,0,0%
11201,201,קווים,ת. מרכזית מודיעין מכבים רעות-מודיעין מכבים רעות<->רכבת קריית,13,0,0%
10116,116,קווים,תכלת /אבני חושן-מודיעין מכבים רעות<->חניון הלאום/שד' הנשיא ה,4,0,0%
10422,422,דרך אגד עוטף ירושלים,גבעת התחמושת/שרגאי-ירושלים<->אזור התעשייה-בני ברק-20,163,0,0%
10476,476,קווים,ארבע עונות/נירים-לוד<->ת.מרכזית תל אביב קומה 6/הורדה-תל אביב,6,0,0%
15336,336,אלקטרה אפיקים,מתחם פלאנט-ראשון לציון<->מועצה/הכוהנים-בני עי''ש-2#,43,0,0%
10383,383,אגד,ת. מרכזית אשקלון רציפים/בינעירוני-אשקלון<->ת. מרכזית אילת-אי,2,0,0%
10391,391,אגד,ת. מרכזית אשדוד/רציפים-אשדוד<->ת. מרכזית אילת-אילת-1ז,20,0,0%
14101,101,קווים,ת. רכבת תל אביב- סבידור/רציפים A-תל אביב יפו<->בריכה/עמק דות,4,0,0%
14103,103,קווים,ת. רכבת תל אביב- סבידור/רציפים A-תל אביב יפו<->שבטי ישראל/לו,7,0,0%
10109,109,קווים,חניון הלאום-ירושלים<->בית ספר שלהבת/נוף איילון-נוף איילון-20,9,0,0%
11425,425,דרך אגד עוטף ירושלים,ת. מרכזית ירושלים קומה 3/רציפים-ירושלים<->בי''ח שיב''א/שדרות,41,0,0%
17069,69,קווים,יד לבנים/דרך הבנים-פרדס חנה כרכור<->ביה''ס אשאטי-ג'סר א זרקא,43,0,0%
12427,427,דרך אגד עוטף ירושלים,ת. מרכזית ירושלים קומה 3/רציפים-ירושלים<->רכבת קריית אריה/חנ,62,0,0%
24044,44,קווים,מסוף ג'ת-ג'ת<->מסוף אום אל פחם-אום אל פחם-21,47,0,0%
13371,371,מטרופולין,צומת פלוגות למזרח-קרית גת<->ת.מרכזית באר שבע/הורדה-באר שבע-1,68,0,0%
10345,345,מטרופולין,שדרות בן גוריון/יגאל הורביץ-קרית מלאכי<->ת. רכבת תל אביב - ס,46,0,0%
12150,150,קווים,ת. מרכזית רמלה-רמלה<->בריכה/עמק דותן-מודיעין מכבים רעות-23,113,0,0%
10880,880,אגד,ת. מרכזית טבריה/רציפים-טבריה<->ת.מרכזית באר שבע/הורדה-באר שב,1,0,0%
10359,359,מטרופולין,ההגנה/הפלמ''ח-ירוחם<->דרכי רפאל/קהילת יעקב-נתיבות-21,44,0,0%
13158,158,קווים,קניון אסף/44-ראשון לציון<->מסוף הרכבת הישן/הורדה-לוד-20,5,0,0%
10378,378,מטרופולין,ת. רכבת אופקים רציפים/בינעירוני-אופקים<->ת. רכבת תל אביב - ס,36,0,0%
10555,555,אגד,מעון/תפוח-ערד<->ת. מרכזית ירושלים/הורדה-ירושלים-1א,324,0,0%
13153,153,קווים,הדרים/ תיכון רעות מכבים-מודיעין מכבים רעות<->ת. מרכזית רמלה/,2,0,0%
11202,202,קווים,ת. רכבת קרית אריה-פתח תקווה<->שדרות החשמונאים/לב העיר-מודיעי,27,0,0%
10557,557,אגד,אדוריים/רמות דוד-קרית גת<->קניון איילון-בני ברק-2ד,250,0,0%
14222,222,קווים,מבוא רעות/שד. האורנים-מודיעין מכבים רעות<->מסוף רדינג/הורדה-,12,0,0%
10558,558,אגד,מעון/תפוח-ערד<->קניון איילון-בני ברק-2ה,239,0,0%
10546,546,אגד,מרכז תחבורתי הארזים/בינעירוני-ירושלים<->תיכון בית רחל-קוממיו,12,0,0%
10549,549,אגד,תיכון בית רחל-קוממיות<->קניון איילון-בני ברק-2#,20,0,0%
23047,47,מטרופולין,מואב/לשם-ערד<->מסוף השחר/הרב עובדיה יוסף-דימונה-2#,80,0,0%
19038,38,קווים,אל עריאן/מסגד-אל עריאן<->מסוף אום אל פחם-אום אל פחם-20,28,0,0%
25061,61,קווים,בית חולים הלל יפה-חדרה<->ברטעה-בסמ''ה-20,37,0,0%
19099,99,נתיב אקספרס,ת. מרכזית נהריה/רציפים-נהריה<->אריה לוין /חבד-חיפה-2#,11,0,0%
10337,337,גי.בי.טורס,אוניברסיטה/רב תכליתי-חיפה<->בזק-בועיינה נוג'יידאת-2#,11,0,0%
16059,59,מטרופולין,מחנה נבטים-כסיפה<->ת.מרכזית באר שבע/הורדה-באר שבע-2#,80,0,0%
40012,12,מועצה אזורית גולן,צומת כורסי-גולן<->יקבי רמת הגולן-קצרין-21,33,0,0%
34014,14,מועצה אזורית גולן,מועצה-מסעדה<->קניון לב קצרין-קצרין-20,28,0,0%
10353,353,מטרופולין,ת.מרכזית באר שבע/רציפים בינעירוני-באר שבע<->ת.מרכזית תל אביב,131,0,0%
33016,16,מועצה אזורית גולן,צומת כורסי-גולן<->קניון לב קצרין-קצרין-20,62,0,0%
24024,24,מועצה אזורית גולן,גשור-גשור<->ת. מרכזית טבריה/הורדה-טבריה-21,48,0,0%
22028,28,מטרופולין,תיכון מיתרים-מיתר<->ת.מרכזית באר שבע/הורדה-באר שבע-21,173,0,0%
11500,500,קווים,מסעף ברקת-חבל מודיעין<->ת. רכבת תל אביב - סבידור/דרך נמיר-תל,90,0,0%
17024,24,גי.בי.טורס,מסגד-בועיינה נוג'יידאת<->שוק נוף הגליל-נוף הגליל-2ח,40,0,0%
13156,156,קווים,קניון אסף/44-ראשון לציון<->ת.מרכזית תל אביב קומה 6/הורדה-תל ,29,0,0%
12285,285,תנופה,ת.מרכזית תל אביב קומה 7/רציפים-תל אביב יפו<->הארז/החרוב1-עץ ,13,0,0%
14038,38,גי.בי.טורס,סיני/שד. הבנים-מגדל העמק<->המכללה האקדמית כנרת-עמק הירדן-1#,6,0,0%
10312,312,קווים,קרית נוער/הרב פרנק-ירושלים<->משך חוכמה ז-מודיעין עילית-20,5,0,0%
10314,314,קווים,כפר שאול/קצנלבוגן-ירושלים<->משך חוכמה ז-מודיעין עילית-20,5,0,0%
10219,219,קווים,הרב נורוק/ אברבנאל-בני ברק<->משך חוכמה ז-מודיעין עילית-20,5,0,0%
12239,239,קווים,חניון תח''צ/שדרות בית הלל-מודיעין עילית<->הרב נורוק/אברבנאל-,5,0,0%
12249,249,קווים,הרב נורוק/ אברבנאל-בני ברק<->רמב''ן/שדרות בית שמאי-מודיעין ע,5,0,0%
10322,322,קווים,חניון תח''צ/שדרות בית הלל-מודיעין עילית<->בית וגן/הרב אלפיה-,5,0,0%
10324,324,קווים,חניון תח''צ/שדרות בית הלל-מודיעין עילית<->רוזנטל-ירושלים-10,5,0,0%
10958,958,אגד,ת.מרכזית באר שבע/רציפים בינעירוני-באר שבע<->ת. מרכזית כרמיאל,2,0,0%
14049,49,אגד,אצטדיון טרנר-באר שבע<->מעלה ההר/המלאכה-דימונה-1#,33,0,0%
15056,56,אגד,מעלה ההר/המלאכה-דימונה<->ת.מרכזית באר שבע/הורדה-באר שבע-2#,56,0,0%
10486,486,אגד,ת. מרכזית ירושלים קומה 3/רציפים-ירושלים<->נווה זוהר/מועצה אז,80,0,0%
11301,301,אגד,ת. מרכזית אשקלון רציפים/בינעירוני-אשקלון<->ת.מרכזית תל אביב ,143,0,0%
10968,968,אגד,ת. מרכזית ירושלים/יפו-ירושלים<->ת. מרכזית כרמיאל/הורדה-כרמיא,53,0,0%
10942,942,אגד,ת. מרכזית ירושלים קומה 3/רציפים-ירושלים<->ת. מרכזית חדרה-חדר,39,0,0%
10992,992,אגד,ת.מרכזית עפולה/רציפים-עפולה<->ת. מרכזית אילת-אילת-2#,4,0,0%
10994,994,אגד,ת. מרכזית כרמיאל/רציפים-כרמיאל<->ת. מרכזית אילת-אילת-2#,4,0,0%
11458,458,קווים,ת. רכבת תל אביב- סבידור/רציפים A-תל אביב יפו<->שושנה דמארי/ע,21,0,0%
10424,424,אגד,מרכז תחבורתי הארזים/בינעירוני-ירושלים<->ההגנה/מרגולין-רחובות,6,0,0%
10389,389,אגד,ת. רכבת תל אביב- סבידור/רציפים A-תל אביב יפו<->מלון יפה נוף-,11,0,0%
10393,393,אגד,ת. מרכזית רחובות/רציפים-רחובות<->ת. מרכזית אילת-אילת-15,73,0,0%
11334,334,גי.בי.טורס,אוניברסיטה/רב תכליתי-חיפה<->בי''ח סעודי הגליל-ריינה-2#,8,0,0%
15065,65,נסיעות ותיירות,דיר חנא מזרח-דייר חנא<->צומת עיאדאת/גריפאת-זרזיר-2#,80,0,0%
27013,13,מטרופולין,איזור התעשיה כפר סבא-כפר סבא<->קלנסווה/יציאה צפונית-קלנסווה-,301,0,0%
12167,167,אגד,מסוף רעננה/היהלום-רעננה<->צומת ניר צבי/דרך רון ארד-באר יעקב-,7,0,0%
12275,275,תנופה,ת. מרכזית נתניה/רציפים-נתניה<->מוריה/שד. ירושלים-אריאל-20,36,0,0%
13147,147,מטרופולין,מסוף רעננה/הפנינה-רעננה<->צומת גלילות/בסיס צבאי-רמת השרון-1#,28,0,0%
22020,20,מטרופולין,תחנה מרכזית כפ''ס/רציפים-כפר סבא<->תחנה מרכזית כפ''ס/ויצמן-כ,24,0,0%
11340,340,קווים,שד' בית שמאי/שערי תשובה-מודיעין עילית<->בנייני האומה/הנשיא ה,109,0,0%
11056,56,אגד,ת. רכבת כרמיאל/רציפים-כרמיאל<->ת. מרכזית טבריה/הורדה-טבריה-2,41,0,0%
10444,444,אגד,ת. מרכזית ירושלים קומה 3/רציפים-ירושלים<->ת. מרכזית אילת-איל,140,0,0%
10261,261,אגד,תחנת רכבת חיפה מרכז השמונה-חיפה<->מתחם ביג כרמיאל-כרמיאל-10,34,0,0%
10790,790,אגד,ת. מרכזית אילת/רציפים-אילת<->ת.מרכזית תל אביב קומה 6/הורדה-ת,72,0,0%
10997,997,אגד,קופת חולים/העצמאות-קרית אתא<->מרכז תחבורתי הארזים/הורדה-ירוש,8,0,0%
10436,436,אגד,ת. מרכזית ירושלים קומה 3/רציפים-ירושלים<->ת.מרכזית אשקלון/הו,34,0,0%
10439,439,אגד,ת. מרכזית ירושלים קומה 3/רציפים-ירושלים<->חניון אגד-רחובות-3,144,0,0%
21093,93,נתיב אקספרס,ראמה ו/כניסה-ראמה<->בית ספר מאר אליאס-אעבלין-2א,8,0,0%
16098,98,נתיב אקספרס,בית ספר מאר אליאס-אעבלין<->חניון שפרעם/תאופיק זיאד-שפרעם-1#,6,0,0%
10487,487,אגד,קיבוץ עין גדי/חדר אוכל-עין גדי<->ת. מרכזית ירושלים/הורדה-ירו,6,0,0%
10821,821,אגד,מסוף רעננה/רציפים-רעננה<->ת.מרכזית עפולה/הורדה-עפולה-1#,85,0,0%
10825,825,אגד,ת.מרכזית עפולה/רציפים-עפולה<->ת.מרכזית תל אביב קומה 7/הורדה-,136,0,0%
10447,447,אגד,ת. מרכזית ירושלים קומה 3/רציפים-ירושלים<->ת. מרכזית יבנה-יבנ,5,0,0%
10552,552,אגד,מלון יפה נוף-ערד<->שדרות הפלמח/חטיבת כרמלי-אשדוד-2#,104,0,0%
10797,797,נתיב אקספרס,עירייה/אל-מוטראן חג'אר-שפרעם<->צומת דולפין-חיפה-2#,10,0,0%
10952,952,אגד,מרכז תחבורתי הארזים/בינעירוני-ירושלים<->מסוף מגדל העמק-מגדל ,5,0,0%
10970,970,אגד,תחנה תפעולית/נחל גיבורים-חיפה<->חזון אי''ש/האדמור מנדבורנא-ב,181,0,0%
10972,972,אגד,מרכז תחבורתי הארזים/בינעירוני-ירושלים<->רופין/קניאל-חיפה-3#,155,0,0%
10973,973,אגד,תחנה תפעולית/נחל גיבורים-חיפה<->משה סנה/מנחם בגין-אשדוד-2#,22,0,0%
10998,998,אגד,קופת חולים/העצמאות-קרית אתא<->חזון אי''ש/האדמור מנדבורנא-בני,37,0,0%
10999,999,אגד,קופת חולים/העצמאות-קרית אתא<->מרכז תחבורתי הארזים/הורדה-ירוש,14,0,0%
10358,358,מטרופולין,מסוף השחר/הרב עובדיה יוסף-דימונה<->קניון איילון-בני ברק-2#,56,0,0%
11172,172,נתיב אקספרס,ת. מרכזית המפרץ/רציפים בינעירוני-חיפה<->חניון שפרעם/תאופיק ז,22,0,0%
11173,173,נתיב אקספרס,בית עלמין-אעבלין<->אוניברסיטה/רב תכליתי-חיפה-2#,14,0,0%
10255,255,נתיב אקספרס,בית מרקחת-כאבול<->ת. מרכזית המפרץ/הורדה-חיפה-2ז,40,0,0%
10221,221,אגד,ת. מרכזית חוף הכרמל/רציפים בינעירוני-חיפה<->ת. מרכזית חוף הכ,94,0,0%
10445,445,אגד,ת. מרכזית ירושלים קומה 3/רציפים-ירושלים<->ת. מרכזית אילת-איל,18,0,0%
10403,403,אגד,ת. רכבת הראשונים-ראשון לציון<->ת. מרכזית ירושלים/הורדה-ירושל,23,0,0%
11784,784,אגד,טכניון/מעונות העמים-חיפה<->ת.מרכזית תל אביב קומה 7/הורדה-תל ,6,0,0%
10564,564,מטרופולין,בי''ח שיב''א/שדרות אהרון קציר-רמת גן<->תחנה מרכזית כפ''ס/הור,40,0,0%
10930,930,אגד,ת. מרכזית נתניה/רציפים-נתניה<->ת. מרכזית ירושלים/הורדה-ירושל,28,0,0%
10964,964,אגד,ת. מרכזית ירושלים קומה 3/רציפים-ירושלים<->מסוף חצור הגלילית/,4,0,0%
10354,354,קווים,ת. מרכזית רמלה-רמלה<->מגדל ויטה/דרך בן גוריון-בני ברק-20,42,0,0%
10144,144,אגד,מחנה בן עמי-חבל מודיעין<->חניון אגד/דן שומרון-חולון-2#,6,0,0%
12157,157,קווים,אלמוג סנטר/אפרים קישון-באר יעקב<->ת.מרכזית תל אביב קומה 6/הו,45,0,0%
16058,58,נסיעות ותיירות,כיכר אל-קלעון-סח'נין<->תחנה מרכזית-נצרת-2א,216,0,0%
18030,30,נסיעות ותיירות,נשיאי ישראל/אורט בראודה-כרמיאל<->תחנה מרכזית-נצרת-2ב,190,0,0%
11431,431,נסיעות ותיירות,ת. מרכזית טבריה/רציפים-טבריה<->מסוף מגדל העמק-מגדל העמק-2א,157,0,0%
11296,296,נסיעות ותיירות,אלקודס/א שוק אל בלדי-טמרה<->כיכר אל-ג'ליל-סח'נין-2#,56,0,0%
13035,35,דן בדרום,ת.מרכזית באר שבע/רציפים בינעירוני-באר שבע<->מסוף מועצה אזורי,74,0,0%
19014,14,דן בדרום,מסוף מועצה אזורית אשכול/רציפים-אשכול<->צאלים/מרכז הקיבוץ-צאל,34,0,0%
11130,130,דן בדרום,ת.מרכזית באר שבע/רציפים בינעירוני-באר שבע<->בא''פ/מל''י-אשכו,96,0,0%
11365,365,נסיעות ותיירות,סחנין יציאה מערבית-סח'נין<->ת. מרכזית צפת/הורדה-צפת-1#,76,0,0%
19035,35,נתיב אקספרס,כלנית/איריס-מעלות תרשיחא<->דרך הארבעה/דרך המלאכה-עכו-1#,82,0,0%
10607,607,מטרופולין,מכללת נתניה/החינוך העברי-נתניה<->ת.מרכזית תל אביב קומה 6/הור,8,0,0%
10604,604,מטרופולין,מסוף רדינג/רציפים-תל אביב יפו<->ת. מרכזית נתניה-נתניה-2#,18,0,0%
11294,294,נתיב אקספרס,אוניברסיטה/רב תכליתי-חיפה<->מאר אליאס/אל מרג'-פסוטה-2#,12,0,0%
23035,35,אלקטרה אפיקים,הדר/התפוח-קדרון<->ת. מרכזית יבנה-יבנה-2#,44,0,0%
19036,36,אלקטרה אפיקים,ת. רכבת רחובות/רציפים בין עירוני-רחובות<->שדרות הבנים/השקד-ש,44,0,0%
20037,37,אלקטרה אפיקים,ת. רכבת רחובות/רציפים בין עירוני-רחובות<->מרכז מסחרי/חשמונאי,224,0,0%
11990,990,נתיב אקספרס,ת. מרכזית צפת/רציפים-צפת<->בית ספר בית יעקב/הרב משקובסקי-רכס,12,0,0%
10304,304,אגד,אלי כהן/יצחק בן צבי-אשקלון<->ת. רכבת תל אביב - סבידור/דרך נמ,22,0,0%
10940,940,אגד,ת. מרכזית ירושלים קומה 3/רציפים-ירושלים<->ת. מרכזית חוף הכרמ,32,0,0%
11991,991,נתיב אקספרס,ת.מרכזית עפולה/רציפים-עפולה<->ת. מרכזית צפת/הורדה-צפת-2#,42,0,0%
14979,979,נתיב אקספרס,צומת מירון-מרום הגליל<->מסוף אלוף שדה-רמת גן-2#,83,0,0%
10988,988,נתיב אקספרס,טעם הצבי/שלב א-חצור הגלילית<->מסוף שער העיר/הורדה-קרית גת-2#,18,0,0%
11989,989,נתיב אקספרס,ת. מרכזית צפת/רציפים-צפת<->הרצוג/עובדיה מברטנורא-נתניה-2#,45,0,0%
12983,983,נתיב אקספרס,טעם הצבי/שלב א-חצור הגלילית<->מרכז תחבורתי הארזים/הורדה-ירוש,30,0,0%
10542,542,אגד,ת. מרכזית ק''ש/רציפים-קרית שמונה<->ת.מרכזית עפולה/הורדה-עפול,81,0,0%
22048,48,אלקטרה אפיקים,ת. מרכזית רחובות/רציפים-רחובות<->ת. מרכזית יבנה-יבנה-2#,274,0,0%
10178,178,אלקטרה אפיקים,ת.מרכזית תל אביב קומה 6/רציפים-תל אביב יפו<->ת. רכבת יבנה מז,132,0,0%
12451,451,גלים,שדרות נפתלי הרץ אימבר/כפר דרום-באר שבע<->חממות-רהט-20,68,0,0%
11314,314,אלקטרה אפיקים,מסוף קרית אונו-קרית אונו<->ת. מרכזית אשדוד-אשדוד-2#,8,0,0%
10315,315,אלקטרה אפיקים,בי''ח שיב''א/שדרות אהרון קציר-רמת גן<->ת. מרכזית אשדוד-אשדוד,106,0,0%
12452,452,גלים,שדרות נפתלי הרץ אימבר/כפר דרום-באר שבע<->בית ספר אל הודא-רהט,52,0,0%
11455,455,גלים,שדרות נפתלי הרץ אימבר/כפר דרום-באר שבע<->חממות-רהט-20,86,0,0%
11322,322,אלקטרה אפיקים,דבורה הנביאה/ראול ולנברג-תל אביב יפו<->רכבת/מסוף ביג הורדה-א,12,0,0%
11323,323,אלקטרה אפיקים,ת. מרכזית רמלה/רציפים-רמלה<->ת. מרכזית אשדוד-אשדוד-2#,158,0,0%
11522,522,נתיב אקספרס,טעם הצבי/שלב א-חצור הגלילית<->ת. מרכזית צפת/הורדה-צפת-2#,90,0,0%
11324,324,אלקטרה אפיקים,אדר/כוכב השחר-אשדוד<->ת.מרכזית תל אביב קומה 6/הורדה-תל אביב ,6,0,0%
11326,326,אלקטרה אפיקים,רכבת/מסוף ביג - רציפים-אשדוד<->ת.מרכזית תל אביב קומה 6/הורדה,6,0,0%
11330,330,אלקטרה אפיקים,ת. מרכזית אשדוד/רציפים-אשדוד<->נתב''ג טרמינל 3/קומת תח''צ-נמ,18,0,0%
13340,340,אלקטרה אפיקים,ת.מרכזית תל אביב קומה 6/רציפים-תל אביב יפו<->הכוהנים/התאנה-ב,84,0,0%
16045,45,נתיב אקספרס,ת. מרכזית נהריה/רציפים-נהריה<->תיכון עמל-כיסרא סומיע-11,72,0,0%
16044,44,נתיב אקספרס,בית ג'ן 1-בית ג'ן<->ת. מרכזית נהריה/הורדה-נהריה-2#,66,0,0%
17047,47,נתיב אקספרס,מסעף גוליס/מרכז מזון ירכא-ירכא<->ת. מרכזית נהריה/הורדה-נהריה,74,0,0%
11200,200,קווים,גן הדסים/שדרות בית הלל-מודיעין עילית<->אזור התעשייה-בני ברק-,11,0,0%
31074,74,מטרופולין,שד. אתרי המקרא/ציקלג-קרית גת<->סירני/ההגנה-רחובות-2#,6,0,0%
21079,79,קווים,האילן/התדהר-אור עקיבא<->ת. מרכזית חדרה/רציפים-חדרה-20,70,0,0%
10847,847,אגד,מסוף רעננה/רציפים-רעננה<->מסוף חצור הגלילית/הורדה-חצור הגליל,5,0,0%
10963,963,אגד,ת. מרכזית ירושלים קומה 3/רציפים-ירושלים<->ת. מרכזית ק''ש/הור,18,0,0%
11319,319,אלקטרה אפיקים,ת.מרכזית תל אביב קומה 6/רציפים-תל אביב יפו<->ת. מרכזית אשדוד,54,0,0%
10541,541,אגד,ת. מרכזית ק''ש/רציפים-קרית שמונה<->ת.מרכזית עפולה/הורדה-עפול,52,0,0%
11669,669,מטרופולין,ת.מרכזית באר שבע/רציפים בינעירוני-באר שבע<->מסוף רעננה/היהלו,114,0,0%
10373,373,מטרופולין,ת. רכבת אופקים רציפים/בינעירוני-אופקים<->ת. מרכזית רחובות/הו,72,0,0%
21033,33,קווים,איבטן-זמר<->ת. מרכזית נתניה/הורדה-נתניה-23,119,0,0%
10625,625,קווים,שדרות יצחק רבין/שושנת העמקים-קדימה צורן<->מסוף רעננה/דרך השר,37,0,0%
12112,112,קווים,ת. רכבת תל אביב- סבידור/רציפים A-תל אביב יפו<->שדרות החשמונא,10,0,0%
10357,357,מטרופולין,מסוף השחר/הרב עובדיה יוסף-דימונה<->שדרות בית שמאי/שדרות בית ,17,0,0%
10687,687,מטרופולין,מכללת אחוה-באר טוביה<->מרכז מסחרי-שגב שלום-2#,21,0,0%
10660,660,מטרופולין,ת.מרכזית תל אביב קומה 6/רציפים-תל אביב יפו<->מרכז מסחרי/מצפה,8,0,0%
14160,160,מטרופולין,הספרייה-מצפה רמון<->ת.מרכזית באר שבע/הורדה-באר שבע-2#,30,0,0%
23060,60,מטרופולין,ת.מרכזית באר שבע/רציפים בינעירוני-באר שבע<->מרכז מסחרי/מצפה ,56,0,0%
33011,11,קווים,הורדים/השקד-קדימה צורן<->ת. רכבת בית יהושע-בית יהושע-20,23,0,0%
10640,640,קווים,מכללת הרמלין/המחקר-נתניה<->בי''ח שיב''א/שדרות אהרון קציר-רמת,120,0,0%
10641,641,קווים,החרש/עמל-פתח תקווה<->ת. מרכזית נתניה/הורדה-נתניה-20,170,0,0%
29012,12,קווים,דרך לב השרון/האילן-קדימה צורן<->ת. רכבת בית יהושע-בית יהושע-,23,0,0%
25040,40,גלים,בי''ס אלמותנבי-כסיפה<->מתנ''ס מרכז העיר-רהט-21,32,0,0%
12469,469,מטרופולין,ת.מרכזית באר שבע/רציפים בינעירוני-באר שבע<->ת. רכבת תל אביב ,24,0,0%
13243,243,קווים,מרכז ביג/שדרות גיבורי ישראל-נתניה<->שדרות נורדיה/החרות-נורדי,8,0,0%
11994,994,נתיב אקספרס,יצחק שמיר/הרב דב הכהן קוק-עפולה<->מסוף אלוף שדה-רמת גן-15,91,0,0%
22039,39,קווים,חט''ב א/עבד אל חי-טירה<->ת. מרכזית נתניה/הורדה-נתניה-20,106,0,0%
11992,992,נתיב אקספרס,צומת מירון-מרום הגליל<->מרכז תחבורתי הארזים/הורדה-ירושלים-2ב,159,0,0%
12258,258,קווים,ת. מרכזית מודיעין מכבים רעות-מודיעין מכבים רעות<->ת.מרכזית ב,4,0,0%
10977,977,נתיב אקספרס,צומת צפת/הגליל-צפת<->רופין/קניאל-חיפה-2#,24,0,0%
13159,159,קווים,מסוף אוניברסיטת ת''א -תל אביב יפו<->גולדה מאיר/משה שרת-רמלה-,24,0,0%
14978,978,נתיב אקספרס,מסוף אלוף שדה-רמת גן<->דרך אהרון/חווה חקלאית-זכרון יעקב-2ג,82,0,0%
10959,959,אגד,ת. מרכזית ירושלים/יפו-ירושלים<->ת. מרכזית טבריה/הורדה-טבריה-,53,0,0%
11191,191,תנופה,מסילת ישרים/מסוף-מודיעין עילית<->מרכז לגיל הרך/הרב א.גורדון-,32,0,0%
13242,242,סופרבוס,ת.מרכזית עפולה/רציפים-עפולה<->ת. רכבת כרמיאל-כרמיאל-10,41,0,0%
21075,75,סופרבוס,כיכר זביאדת-בסמת טבעון<->ת. מרכזית המפרץ/הורדה-חיפה-21,89,0,0%
12181,181,סופרבוס,דרך העמק / צומת יוקנעם-יקנעם עילית<->רכבל/העלייה השנייה-חיפה,29,0,0%
11184,184,סופרבוס,קופת חולים-גלעד<->ת. רכבת כפר יהושע/הורדה-כפר יהושע-20,26,0,0%
25027,27,סופרבוס,בית אורן/מרכז-בית אורן<->אוניברסיטה/רב תכליתי-חיפה-20,12,0,0%
14157,157,סופרבוס,הקידמה/העוצמה-יקנעם עילית<->ת. רכבת בנימינה-בנימינה גבעת עדה,33,0,0%
16050,50,סופרבוס,הקידמה/העוצמה-יקנעם עילית<->טכניון/בנין הספורט-חיפה-21,38,0,0%
11472,472,אלקטרה אפיקים,ת.מרכזית תל אביב קומה 7/רציפים-תל אביב יפו<->חבקוק/שדרות בן ,492,0,0%
12144,144,מטרופולין,כלא סהרונים-רמת הנגב<->ת.מרכזית באר שבע/הורדה-באר שבע-2#,20,0,0%
10560,560,אגד,הרותם/החרצית-אשדוד<->מלון יפה נוף-ערד-1ע,254,0,0%
12245,245,קווים,ת.מרכזית תל אביב קומה 6/רציפים-תל אביב יפו<->ת. מרכזית רמלה/,23,0,0%
13247,247,קווים,ת. מרכזית ראשל''צ/רציפים-ראשון לציון<->ת. מרכזית לוד/הורדה-ל,169,0,0%
10588,588,מטרופולין,ת. מרכזית ערד/רציפים-ערד<->מכללת ספיר-שער הנגב-2#,14,0,0%
22057,57,קווים,מכללת הרמלין/המחקר-נתניה<->ת. מרכזית חדרה/רציפים-חדרה-21,66,0,0%
26053,53,נתיב אקספרס,יאנוח ג'ת/מגרש כדורגל-יאנוח ג'ת<->ת. מרכזית נהריה/הורדה-נהרי,105,0,0%
12993,993,נתיב אקספרס,מרכז תחבורתי הארזים/בינעירוני-ירושלים<->ת. מרכזית צפת/הורדה-,117,0,0%
10392,392,אגד,ת. מרכזית אילת/רציפים-אילת<->ת.מרכזית באר שבע/הורדה-באר שבע-,58,0,0%
26018,18,קווים,ת. מרכזית מודיעין מכבים רעות-מודיעין מכבים רעות<->ת. מרכזית ,20,0,0%
10190,190,סופרבוס,האצטדיון/בהרב-חיפה<->ירדן/המיצר-יקנעם עילית-20,12,0,0%
10191,191,סופרבוס,אזור תעשיה רמת ישי-רמת ישי<->נופית/יציאה-נופית-20,3,0,0%
12248,248,סופרבוס,ת. מרכזית המפרץ/רציפים בינעירוני-חיפה<->ערערה/כניסה-ערערה-20,41,0,0%
11300,300,סופרבוס,ת.מרכזית עפולה/רציפים-עפולה<->ת. מרכזית המפרץ/הורדה-חיפה-20,25,0,0%
11247,247,סופרבוס,מובילנד/ברזילאי-עפולה<->מסוף אום אל פחם-אום אל פחם-20,36,0,0%
13246,246,סופרבוס,ת.מרכזית עפולה/שפרינצק-עפולה<->מסוף אום אל פחם-אום אל פחם-20,12,0,0%
11454,454,קווים,יהודה שטיין/שד. דוד רזיאל-רמלה<->ת. רכבת תל אביב - סבידור/דר,37,0,0%
10455,455,קווים,ת.מרכזית תל אביב קומה 6/רציפים-תל אביב יפו<->ת. מרכזית רמלה/,11,0,0%
10457,457,קווים,ת.מרכזית תל אביב קומה 6/רציפים-תל אביב יפו<->אחימאיר/שרעבי-ר,29,0,0%
23036,36,נתיב אקספרס,מסוף שלומי-שלומי<->ת. מרכזית נהריה/הורדה-נהריה-2#,56,0,0%
15296,296,סופרבוס,מסוף אום אל פחם-אום אל פחם<->אוניברסיטה/רב תכליתי-חיפה-10,14,0,0%
11421,421,דרך אגד עוטף ירושלים,חזון איש/מסוף רמת שלמה-ירושלים<->אזור התעשייה-בני ברק-20,12,0,0%
11423,423,דרך אגד עוטף ירושלים,אזור התעשייה-בני ברק<->רקאנטי/המשורר אצ''ג-ירושלים-10,11,0,0%
10429,429,דרך אגד עוטף ירושלים,בי''ח הרצוג/גבעת שאול-ירושלים<->אזור התעשייה-בני ברק-20,6,0,0%
10428,428,דרך אגד עוטף ירושלים,דבורה הנביאה/ראול ולנברג-תל אביב יפו<->בי''ח הרצוג/גבעת שאול,6,0,0%
37029,29,קווים,ת. מרכזית רמלה-רמלה<->מסוף שוהם-שוהם-20,15,0,0%
11504,504,קווים,מסוף שוהם-שוהם<->מרכז מסחרי/שדרות המלאכות-מודיעין מכבים רעות,18,0,0%
23049,49,נתיב אקספרס,בית ספר ניסויי תפן-כפר ורדים<->ת. מרכזית נהריה/הורדה-נהריה-2,48,0,0%
23050,50,נתיב אקספרס,מאר אליאס/א רוסיה-פסוטה<->ת. מרכזית נהריה/הורדה-נהריה-21,89,0,0%
14248,248,מטרופולין,ת.מרכזית תל אביב קומה 6/רציפים-תל אביב יפו<->השומר/חטיבת יפת,24,0,0%
12349,349,מטרופולין,ת.מרכזית תל אביב קומה 6/רציפים-תל אביב יפו<->דרך הפרחים/הדס-,20,0,0%
26030,30,סופרבוס,פארק גורן-יבנאל<->ת.מרכזית עפולה/הורדה-עפולה-11,40,0,0%
10614,614,מטרופולין,בית העלמין/חזון אי''ש-בני ברק<->קמיל הויסמנס/בלפור-נתניה-2#,107,0,0%
16143,143,מועצה אזורית גולן,ת. מרכזית צפת/רציפים-צפת<->קניון לב קצרין-קצרין-20,37,0,0%
15142,142,מועצה אזורית גולן,שיאון/טיילת נווה-קצרין<->מרכז רפואי פורייה/מרפאות חוץ-בית חו,3,0,0%
12304,304,קווים,רוזנטל/כנפי נשרים-ירושלים<->שדרות בית שמאי/שדרות בית הלל-מוד,69,0,0%
17058,58,קווים,ת. מרכזית חדרה/רציפים-חדרה<->ת. מרכזית נתניה/הורדה-נתניה-10,1,0,0%
10708,708,קווים,ת. מרכזית נתניה/רציפים-נתניה<->הנדיב/המייסדים-זכרון יעקב-20,2,0,0%
10268,268,אגד,לבונה/דבורנית-בית אריה<->ת.מרכזית תל אביב קומה 7/הורדה-תל אב,30,0,0%
26029,29,קווים,דרך פיק''א/יהודה הלוי-פרדס חנה כרכור<->ת. מרכזית חדרה/רציפים,2,0,0%
46014,14,קווים,ת. רכבת בית יהושע-בית יהושע<->החלוצים/הפרדסים-צור משה-21,15,0,0%
10900,900,אגד,ת.מרכזית תל אביב קומה 7/רציפים-תל אביב יפו<->ת. רכבת חוף הכר,73,0,0%
10408,408,בית שמש אקספרס,בית ספר בית יעקב/דרך מנחם בגין-פתח תקווה<->שדרות האמוראים/רב,77,0,0%
10716,716,קווים,ת. מרכזית נתניה/רציפים-נתניה<->מסוף רכבת קיסריה פרדס חנה/הור,2,0,0%
11189,189,תנופה,קרית מדע ב'-ירושלים<->מרכז לגיל הרך/הרב א.גורדון-קרית יערים-,384,0,0%
13174,174,נתיב אקספרס,אחמד חוסין עלאם/אל בוסתאן-כפר מנדא<->אוניברסיטה/רב תכליתי-חי,6,0,0%
10411,411,בית שמש אקספרס,מסוף דרך חיים-בית שמש<->ת.מרכזית תל אביב קומה 6/הורדה-תל אבי,184,0,0%
10412,412,בית שמש אקספרס,ת. רכבת תל אביב- סבידור/רציפים A-תל אביב יפו<->שדרות האמוראי,320,0,0%
11115,115,תנופה,זכריה הנביא/נריה הנביא-בית שמש<->ממילא/קריב-ירושלים-10,18,0,0%
12107,107,קווים,מסוף אוניברסיטת ת''א -תל אביב יפו<->שדרות החשמונאים/לב העיר-,2,0,0%
12450,450,סופרבוס,ת. מרכזית טבריה/השילוח-טבריה<->ת. מרכזית צפת/הורדה-צפת-10,66,0,0%
11190,190,תנופה,מגדל קונקורד/דרך בן גוריון-בני ברק<->מרכז לגיל הרך/הרב א.גור,30,0,0%
10323,323,בית שמש אקספרס,שד. גת/המרגלית-קרית גת<->בן איש חי/קארו-בית שמש-20,34,0,0%
11424,424,תנופה,מרכז לגיל הרך/הרב א.גורדון-קרית יערים<->זכריה הנביא/שדרות הא,44,0,0%
18059,59,סופרבוס,ת. מרכזית טבריה/השילוח-טבריה<->מסוף חצור הגלילית/הורדה-חצור ,10,0,0%
13252,252,נתיב אקספרס,מסעף מוסד אחווה-עכו<->ת. מרכזית המפרץ/הורדה-חיפה-2#,16,0,0%
11849,849,סופרבוס,האתרוג/קרלין-גבעת זאב<->ת. מרכזית טבריה/הורדה-טבריה-20,6,0,0%
10969,969,סופרבוס,מסוף אלוף שדה-רמת גן<->ת. מרכזית טבריה/הורדה-טבריה-20,66,0,0%
12155,155,קווים,מחנה צריפין-ראשון לציון<->ת. רכבת תל אביב - סבידור/הורדה-תל ,16,0,0%
13150,150,אלקטרה אפיקים,ת. מרכזית אשקלון רציפים/בינעירוני-אשקלון<->ת. מרכזית אשדוד-א,350,0,0%
10581,581,קווים,רמת ויז'ניץ/ברכת משה-חיפה<->רמב''ן/שדרות בית שמאי-מודיעין עי,10,0,0%
13333,333,אלקטרה אפיקים,מסוף רדינג/רציפים-תל אביב יפו<->מסוף הריביירה-אשדוד-2#,30,0,0%
21049,49,אלקטרה אפיקים,ת. רכבת רחובות/רציפים בין עירוני-רחובות<->ת. מרכזית יבנה-יבנ,28,0,0%
12250,250,אלקטרה אפיקים,ת. רכבת תל אביב- סבידור/רציפים A-תל אביב יפו<->חבקוק/שדרות ב,42,0,0%
10852,852,אגד,מסוף רכבת קיסריה פרדס חנה/איסוף-פרדס חנה כרכור<->ת.מרכזית תל,165,0,0%
10921,921,אגד,ת. רכבת קרית אריה-פתח תקווה<->ת. רכבת חוף הכרמל-חיפה-1ה,133,0,0%
10341,341,קווים,שדרות בית שמאי/שדרות בית הלל-מודיעין עילית<->המ''ג/ירמיהו-יר,5,0,0%
11342,342,קווים,קרית נוער/הרב פרנק-ירושלים<->רמב''ן/שדרות בית שמאי-מודיעין ע,5,0,0%
10346,346,קווים,שדרות בית שמאי/שדרות בית הלל-מודיעין עילית<->קניון רמות/גולד,5,0,0%
11347,347,קווים,אגרות משה/חזון איש-ירושלים<->רמב''ן/שדרות בית שמאי-מודיעין ע,5,0,0%
10317,317,קווים,אגרות משה/חזון איש-ירושלים<->משך חוכמה ז-מודיעין עילית-20,5,0,0%
13334,334,קווים,חניון תח''צ/שדרות בית הלל-מודיעין עילית<->רוזנטל-ירושלים-10,5,0,0%
12311,311,קווים,המ''ג/ירמיהו-ירושלים<->משך חוכמה ז-מודיעין עילית-20,5,0,0%
11321,321,קווים,המ''ג/ירמיהו-ירושלים<->אור החיים ט-מודיעין עילית-20,5,0,0%
13331,331,קווים,חניון תח''צ/שדרות בית הלל-מודיעין עילית<->המ''ג/ירמיהו-ירושל,5,0,0%
10843,843,אגד,שיאון/טיילת נווה-קצרין<->ת.מרכזית תל אביב קומה 7/הורדה-תל אב,10,0,0%
11367,367,מטרופולין,ת.מרכזית באר שבע/רציפים בינעירוני-באר שבע<->ת. מרכזית ראשל'',104,0,0%
10368,368,מטרופולין,ת.מרכזית באר שבע/רציפים בינעירוני-באר שבע<->ת. מרכזית אשדוד-,80,0,0%
10570,570,מטרופולין,הנרקיס/הורדים-אלישמע<->מסוף רדינג/הורדה-תל אביב יפו-11,16,0,0%
10532,532,מטרופולין,מחנה גלילות/איסוף-חוף השרון<->ת.מרכזית תל אביב קומה 6/הורדה-,111,0,0%
10554,554,אגד,מלון יפה נוף-ערד<->מסוף הר נוף/כנפי נשרים-ירושלים-1ה,11,0,0%
10848,848,אגד,ת.מרכזית תל אביב קומה 7/רציפים-תל אביב יפו<->ת. מרכזית כרמיא,10,0,0%
10951,951,אגד,מסוף מגדל העמק/רציפים-מגדל העמק<->חזון אי''ש/האדמור מנדבורנא,6,0,0%
10834,834,אגד,צומת אשדות יעקב אחוד-עמק הירדן<->ת.מרכזית תל אביב קומה 7/הור,2,0,0%
10456,456,אגד,ת. מרכזית ירושלים קומה 3/רציפים-ירושלים<->מחנה מצל''ח 6820-ב,2,0,0%
10966,966,אגד,ת. מרכזית ירושלים קומה 3/רציפים-ירושלים<->קניון לב קצרין-קצר,53,0,0%
10703,703,אגד,הנשיא וייצמן/לבוצקין-חדרה<->ת.מרכזית תל אביב קומה 7/הורדה-תל,2,0,0%
31045,45,אלקטרה אפיקים,ת. מרכזית יבנה/רציפים-יבנה<->ת. מרכזית אשדוד-אשדוד-2#,32,0,0%
29050,50,אלקטרה אפיקים,ת. מרכזית רחובות/רציפים-רחובות<->ת. מרכזית יבנה-יבנה-2#,24,0,0%
13152,152,אלקטרה אפיקים,ת. מרכזית אשקלון רציפים/בינעירוני-אשקלון<->ת. מרכזית אשדוד-א,171,0,0%
15181,181,אלקטרה אפיקים,ת. מרכזית יבנה/רציפים-יבנה<->בנימין שמוטקין/טוליפמן-ראשון לצ,32,0,0%
13182,182,אלקטרה אפיקים,ת. מרכזית ראשל''צ/רציפים-ראשון לציון<->ת. רכבת יבנה מזרח-יבנ,48,0,0%
29051,51א,אלקטרה אפיקים,בית חולים קפלן/דרך פסטרנק-רחובות<->ת. מרכזית יבנה-יבנה-21,60,0,0%
15177,177,אלקטרה אפיקים,ת. רכבת תל אביב- סבידור/רציפים A-תל אביב יפו<->ת. רכבת יבנה ,40,0,0%
18349,349,אלקטרה אפיקים,אזור התעשייה-בני ברק<->רכבת/מסוף ביג הורדה-אשדוד-2#,166,0,0%
11213,213,אלקטרה אפיקים,ת. מרכזית יבנה/רציפים-יבנה<->ת. מרכזית אשדוד-אשדוד-2#,24,0,0%
12325,325,אלקטרה אפיקים,ת. מרכזית אשדוד/רציפים-אשדוד<->ת.מרכזית תל אביב קומה 6/הורדה,48,0,0%
16221,221,אלקטרה אפיקים,רכבת/מסוף ביג - רציפים-אשדוד<->ההגנה/מרגולין-רחובות-1#,25,0,0%
12317,317,אלקטרה אפיקים,מסוף משה ארנס/רציפים-פתח תקווה<->ת. מרכזית אשדוד-אשדוד-2#,40,0,0%
14455,455,אלקטרה אפיקים,הר''ן/פנים מאירים-ביתר עילית<->בני ברית/מורדי הגיטאות-אשדוד-,69,0,0%
27050,50,קווים,דרך המסילה/ששת הימים-בנימינה גבעת עדה<->בסיס גולני-מנשה-10,4,0,0%
13218,218א,ירושלים-רמאללה איחוד,מעבר קלנדיה-ירושלים<->מעבר קלנדיה/הורדה-ירושלים-32,140,0,0%
11588,588,קווים,מסוף מודיעין עילית-מודיעין עילית<->בית יוסף/הגבעה-תפרח-10,10,0,0%
10587,587,קווים,מסוף מודיעין עילית-מודיעין עילית<->שדרות הרצל-אופקים-10,12,0,0%
10585,585,קווים,חפץ חיים/מלון כפרי-נחל שורק<->רמב''ן/שדרות בית שמאי-מודיעין ,5,0,0%
23292,292,נתיב אקספרס,כיכר אל-קלעון-סח'נין<->מגרש כדורגל-מג'ד אל כרום-1#,72,0,0%
14444,444,מטרופולין,נתב''ג טרמינל 3/קומת תח''צ-נמל תעופה בן גוריון<->מסוף רעננה/,117,0,0%
12323,323,דן בדרום,אחת עשרה נקודות/יצחק שמיר-נתיבות<->ת.מרכזית באר שבע/הורדה-בא,12,0,0%
14330,330,דן בדרום,מסוף פארק אופקים-אופקים<->ת.מרכזית באר שבע/הורדה-באר שבע-2#,107,0,0%
16332,332,דן בדרום,מסוף פארק אופקים-אופקים<->ת.מרכזית באר שבע/הורדה-באר שבע-2#,52,0,0%
47014,14א,נסיעות ותיירות,זרזיר/מסגד-זרזיר<->מועדון נוער-מנשית זבדה-23,305,0,0%
11833,833,נסיעות ותיירות,ת. רכבת תל אביב - סבידור/דרך נמיר-תל אביב יפו<->שדרות מעלה י,188,0,0%
20012,12,דן בדרום,דקל מרכז-דקל<->מסוף מועצה אזורית אשכול/רציפים-אשכול-22,35,0,0%
19013,13,דן בדרום,מסוף מועצה אזורית אשכול/רציפים-אשכול<->אוהד-אוהד-11,54,0,0%
18015,15,דן בדרום,מסוף מועצה אזורית אשכול/רציפים-אשכול<->כסופים-כיסופים-11,35,0,0%
15030,30,דן בדרום,בא''פ/מל''י-אשכול<->ת. רכבת אופקים/הורדה-אופקים-2#,24,0,0%
14047,47,דן בדרום,ת. רכבת להבים רהט-להבים<->ת.מרכזית באר שבע/הורדה-באר שבע-2#,81,0,0%
11363,363,דן בדרום,ת.מרכזית באר שבע/רציפים בינעירוני-באר שבע<->ת.מרכזית אשקלון/,118,0,0%
12361,361,דן בדרום,ת. מרכזית אשקלון רציפים/בינעירוני-אשקלון<->ת.מרכזית באר שבע/,30,0,0%
11442,442,דן בדרום,ת.רכבת נתיבות/רציפים-נתיבות<->קדושת לוי/אוהל שרה-ביתר עילית-,8,0,0%
15464,464,דן בדרום,ת.מרכזית באר שבע/רציפים בינעירוני-באר שבע<->ת.מרכזית אשקלון/,28,0,0%
12465,465,דן בדרום,מסוף פארק אופקים-אופקים<->מקיף א'/מורדי הגטאות-אשדוד-2#,40,0,0%
14298,298,מטרופולין,מכללת בית ברל-בית ברל<->מסוף אום אל פחם-אום אל פחם-11,24,0,0%
17113,113,מטרופולין,מרכז תרבות אלקאסמי-באקה אל ע'רביה<->תחנה מרכזית כפ''ס/הורדה-,132,0,0%
12145,145,מטרופולין,עבד אל כרים קאסם/אל ח'ליל-כפר קאסם<->מכללת בית ברל-בית ברל-2,132,0,0%
10351,351,אלקטרה אפיקים,דבורה הנביאה/ראול ולנברג-תל אביב יפו<->רכבת/מסוף ביג הורדה-א,100,0,0%
14036,36,דן בדרום,מסוף מועצה אזורית אשכול/רציפים-אשכול<->ת.מרכזית אשקלון/הורדה,46,0,0%
11325,325,דן בדרום,אחת עשרה נקודות/יצחק שמיר-נתיבות<->ת.מרכזית באר שבע/הורדה-בא,16,0,0%
44010,10,דן בדרום,מסוף מועצה אזורית אשכול/רציפים-אשכול<->בני נצרים-בני נצרים-1,27,0,0%
15136,136,דן בדרום,ת. מרכזית אשקלון רציפים/בינעירוני-אשקלון<->בני נצרים-בני נצר,10,0,0%
12240,240,דן בדרום,מרכז מסחרי/דרך מנחם בגין-שדרות<->פולק/טבת-קרית גת-11,31,0,0%
13250,250,דן בדרום,ת. מרכזית קרית גת/רציפים-קרית גת<->ת.מרכזית אשקלון/הורדה-אשק,159,0,0%
11252,252,דן בדרום,ת. מרכזית קרית גת/רציפים-קרית גת<->מסוף חופית/אריה תגר-אשקלו,73,0,0%
11445,445,דן בדרום,ת.רכבת נתיבות/רציפים-נתיבות<->מסוף הרכבת/הורדה-בית שמש-2#,8,0,0%
12123,123,מטרופולין,הכניסה הצפונית-קלנסווה<->מסוף רדינג/הורדה-תל אביב יפו-2#,132,0,0%
10252,252,אלקטרה אפיקים,התדהר/דפנה-רעננה<->ז'בוטינסקי / כרמל-ראש העין-20,36,0,0%
11473,473,אלקטרה אפיקים,ת.מרכזית תל אביב קומה 7/רציפים-תל אביב יפו<->חבקוק/שדרות בן ,18,0,0%
11800,800,אגד,ת. מרכזית ק''ש/רציפים-קרית שמונה<->ת.מרכזית תל אביב קומה 7/ה,3,0,0%
16151,151,קווים,חוף ראשון לציון-ראשון לציון<->שושנה דמארי/אהוד מנור-רמלה-20,49,0,0%
10548,548,אלקטרה אפיקים,בית ספר לבנות בית רבקה-כפר חב''ד<->שדרות ירושלים/ז'בוטינסקי-,78,0,0%
20103,103,מועצה אזורית גולן,שלמה בן יוסף/הרב עזיזי דיעי-חצור הגלילית<->קניון לב קצרין-קצ,16,0,0%
12292,292,קווים,קדושת לוי/הר''ן-ביתר עילית<->הרטום/שדרות גולדה מאיר-ירושלים-,123,0,0%
12134,134,דן בדרום,ת.מרכזית באר שבע/רציפים בינעירוני-באר שבע<->הזית/החיטה-פטיש-,2,0,0%
18135,135,דן בדרום,בני נצרים-בני נצרים<->ת.מרכזית באר שבע/הורדה-באר שבע-2#,4,0,0%
11434,434,אגד,ת. מרכזית טבריה/רציפים-טבריה<->ת. מרכזית המפרץ/הורדה-חיפה-2#,55,0,0%
19978,978,אגד,זכריה הנביא/נריה הנביא-בית שמש<->הרצל/זבולון-חיפה-2#,22,0,0%
12989,989,אגד,קופת חולים/העצמאות-קרית אתא<->זכריה הנביא/שדרות האמוראים-בית,8,0,0%
12503,503,אגד,שיאון/טיילת נווה-קצרין<->ת. מרכזית המפרץ/הורדה-חיפה-2א,12,0,0%
10450,450,דן בדרום,מסוף הר חוצבים/המרפא-ירושלים<->שדרות הפלמח/חטיבת כרמלי-אשדוד,151,0,0%
17142,142,אלקטרה אפיקים,מסוף קסטינה-מלאכי/הורדה ואילת-באר טוביה<->ת. מרכזית אשדוד-אש,18,0,0%
10379,379,דן בדרום,ת.מרכזית תל אביב קומה 6/רציפים-תל אביב יפו<->מסוף מועצה אזור,23,0,0%
10276,276,מטרופולין,תחנת רכבת ראש העין צפון/רציפים-ראש העין<->מסוף/רבי יהודה הנש,132,0,0%
17464,464,אלקטרה אפיקים,זכריה הנביא/שדרות האמוראים-בית שמש<->בני ברית/מורדי הגיטאות-,20,0,0%
12474,474,אלקטרה אפיקים,זכריה הנביא/שדרות האמוראים-בית שמש<->בני ברית/מורדי הגיטאות-,84,0,0%
17151,151,נתיב אקספרס,ת.מרכזית עכו/דרך הארבעה-עכו<->אום אלשתוייה-אעבלין-12,36,0,0%
11377,377,מטרופולין,בן זכאי/גן אסתר-אלעד<->כפר שאול/קצנלבוגן-ירושלים-18,39,0,0%
11176,176,מטרופולין,'עמל א-ראש העין<->מסוף/רבי יהודה הנשיא-אלעד-20,14,0,0%
12180,180,מטרופולין,רבן יוחנן בן זכאי/רבי יהודה הנשיא-אלעד<->רבן יוחנן בן זכאי/ש,784,0,0%
11313,313,נתיב אקספרס,מסעף גוליס/מרכז מזון ירכא-ירכא<->בוקיעה אל ג'רביה ג-פקיעין-2,40,0,0%
11440,440,נסיעות ותיירות,ת. מרכזית צפת/רציפים-צפת<->עיריית נצרת-נצרת-2#,96,0,0%
13149,149,קווים,מעזריטש/ מהרי''ץ-ביתר עילית<->מגדל ויטה/דרך בן גוריון-בני בר,47,0,0%
13461,461,גלים,ת. מרכזית אשקלון רציפים/בינעירוני-אשקלון<->מסגד טאלב/קופת חו,4,0,0%
11280,280,מטרופולין,רבן יוחנן בן זכאי/רבי יהודה הנשיא-אלעד<->רבן יוחנן בן זכאי/ש,1182,0,0%
10277,277,מטרופולין,מרכז תחבורתי הארזים/בינעירוני-ירושלים<->רבן יוחנן בן זכאי/שמ,517,0,0%
11379,379,מטרופולין,ת. רכבת תל אביב- סבידור/רציפים A-תל אביב יפו<->רבן יוחנן בן ,83,0,0%
19279,279,מטרופולין,האופן/החרש-פתח תקווה<->מסוף/רבי יהודה הנשיא-אלעד-20,311,0,0%
17180,180,נסיעות ותיירות,עין מאהל א'/כניסה-עין מאהל<->כיכר אל-ג'ליל-סח'נין-1#,8,0,0%
10590,590,מטרופולין,רבן יוחנן בן זכאי/רבי טרפון-אלעד<->ת. מרכזית צפת/הורדה-צפת-1,20,0,0%
12281,281,מטרופולין,רבן יוחנן בן זכאי/רבי טרפון-אלעד<->שדרות בית שמאי/שדרות בית ,137,0,0%
12253,253,אלקטרה אפיקים,ת. רכבת תל אביב- סבידור/רציפים A-תל אביב יפו<->מסוף כפר קאסם,78,0,0%
10595,595,מטרופולין,שדרות ירושלים/חנה סנש-קרית מלאכי<->רבן יוחנן בן זכאי/שמעיה-א,18,0,0%
10596,596,מטרופולין,ת.רכבת נתיבות/רציפים-נתיבות<->רבן יוחנן בן זכאי/שמעיה-אלעד-2,18,0,0%
12477,477,מטרופולין,מסוף רמת שרת/קדיש לוז-ירושלים<->רבן יוחנן בן זכאי/שמעיה-אלעד,18,0,0%
15173,173,מטרופולין,בי''ח שיב''א/שדרות אהרון קציר-רמת גן<->רבן יוחנן בן זכאי/שמע,77,0,0%
11251,251,מטרופולין,רכבת/מסוף ביג - רציפים-אשדוד<->רבן יוחנן בן זכאי/שמעיה-אלעד-,61,0,0%
10278,278,מטרופולין,ת.מרכזית תל אביב קומה 6/רציפים-תל אביב יפו<->רבן יוחנן בן זכ,78,0,0%
12270,270,מטרופולין,הרצוג/עובדיה מברטנורא-נתניה<->רבן יוחנן בן זכאי/שמעיה-אלעד-2,39,0,0%
15133,133,קווים,מסוף אום אל פחם-אום אל פחם<->ת.רכבת ספיר-נתניה-20,16,0,0%
17139,139,קווים,חט''ב א/עבד אל חי-טירה<->ת.רכבת ספיר-נתניה-21,77,0,0%
12850,850,סופרבוס,מסוף מודיעין עילית-מודיעין עילית<->ת. מרכזית טבריה/הורדה-טבר,10,0,0%
10851,851,סופרבוס,ת. מרכזית טבריה/השילוח-טבריה<->מרכז רפואי לניאדו/ילדים-נתניה,5,0,0%
10616,616,מטרופולין,ת. רכבת קרית אריה-פתח תקווה<->ת. רכבת נתניה-נתניה-21,40,0,0%
10615,615,מטרופולין,ת.מרכזית תל אביב קומה 6/רציפים-תל אביב יפו<->ת. רכבת נתניה-נ,12,0,0%
11967,967,נתיב אקספרס,ת. מרכזית צפת/רציפים-צפת<->הר''ן/קדושת לוי-ביתר עילית-2#,28,0,0%
24028,28,סופרבוס,מסוף בית שאן/איסוף-בית שאן<->ת. מרכזית טבריה/הורדה-טבריה-20,98,0,0%
15258,258,אלקטרה אפיקים,ת. רכבת אוניברסיטה/איסוף-תל אביב יפו<->בית העלמין-ראש העין-2,36,0,0%
27055,55,סופרבוס,סחנין עיריה-סח'נין<->ת. מרכזית טבריה/הורדה-טבריה-20,44,0,0%
12580,580,קווים,מושב מירון-מירון<->רמב''ן/שדרות בית שמאי-מודיעין עילית-21,15,0,0%
13407,407,סופרבוס,קריית החינוך-יקנעם עילית<->נופית/יציאה-נופית-10,37,0,0%
12773,773,סופרבוס,הגליל/הגולן-נופית<->ת. מרכזית המפרץ/הורדה-חיפה-20,24,0,0%
44023,23,קווים,מסוף שוהם-שוהם<->בית חולים שמואל הרופא-באר יעקב-20,55,0,0%
20333,333,דן בדרום,מסוף פארק אופקים-אופקים<->ת.מרכזית באר שבע/הורדה-באר שבע-2#,83,0,0%
12467,467,גלים,מכללה אקדמית אשקלון-אשקלון<->שכונה 18-רהט-20,30,0,0%
19142,142,מטרופולין,ת.מרכזית באר שבע/רציפים בינעירוני-באר שבע<->בא''ח 84 גבעתי-ר,88,0,0%
15213,213,מטרופולין,הכניסה הצפונית-קלנסווה<->השונית/יורדי ים-הרצליה-2#,87,0,0%
14124,124,מטרופולין,המוביל/טארק עבד אל חי-טירה<->ת. רכבת תל אביב - סבידור/הורדה-,117,0,0%
13151,151,אלקטרה אפיקים,ת. מרכזית אשקלון רציפים/בינעירוני-אשקלון<->ת. מרכזית אשדוד-א,16,0,0%
10506,506,קווים,האלה/האלון-כפר טרומן<->מסוף אוניברסיטת ת''א/הורדה-תל אביב יפ,55,0,0%
10807,807,אגד,מסוף רדינג/רציפים-תל אביב יפו<->קידמה/התמדה-חריש-2#,8,0,0%
12174,174,אגד,ת. מרכזית רחובות/רציפים-רחובות<->מסוף רדינג/הורדה-תל אביב יפ,24,0,0%
12356,356,אלקטרה אפיקים,קניון איילון-בני ברק<->שדרות ירושלים/ז'בוטינסקי-קרית מלאכי-2,71,0,0%
28071,71,קווים,קידמה/התמדה-חריש<->ת. רכבת בנימינה-בנימינה גבעת עדה-20,144,0,0%
11177,177,קווים,קדושת לוי/שלום רב-ביתר עילית<->הרצוג/עובדיה מברטנורא-נתניה-1,20,0,0%
11138,138,קווים,ת. רכבת בית שמש-בית שמש<->הר''ן/קדושת לוי-ביתר עילית-20,14,0,0%
13221,221,קווים,רוז'ין/ הטוב והמטיב-ביתר עילית<->שיבת ציון/טללים-ירושלים-10,12,0,0%
12294,294,קווים,חיי יצחק/הרב בנדר-ביתר עילית<->הרטום/שדרות גולדה מאיר-ירושלי,225,0,0%
16353,353,נסיעות ותיירות,המכללה האקדמית גליל מערבי/דרך המכללה-עכו<->עיריית נצרת-נצרת-,64,0,0%
12131,131,קווים,קדושת לוי/שלום רב-ביתר עילית<->רבי מאיר/רבן יוחנן בן זכאי-אל,55,0,0%
10586,586,קווים,מסוף מודיעין עילית-מודיעין עילית<->ת.רכבת נתיבות/רציפים-נתיב,10,0,0%
10584,584,קווים,מסוף מודיעין עילית-מודיעין עילית<->הרצוג/עובדיה מברטנורא-נתנ,5,0,0%
10685,685,קווים,מסוף מודיעין עילית-מודיעין עילית<->מסוף שער העיר/הורדה-קרית ,5,0,0%
11686,686,קווים,בית ספר שושנים/החיד''א-אופקים<->מסוף מודיעין עילית/הורדה-מוד,13,0,0%
13132,132,קווים,תיכון בית רחל-קוממיות<->הר''ן/קדושת לוי-ביתר עילית-21,66,0,0%
12129,129,קווים,בבא סאלי/ נדבורנא-ביתר עילית<->מגדל ויטה/דרך בן גוריון-בני ב,43,0,0%
13245,245,קווים,קדושת לוי/שלום רב-ביתר עילית<->כפר שאול/קצנלבוגן-ירושלים-10,162,0,0%
10881,881,קווים,שדרות הפלמח/חטיבת כרמלי-אשדוד<->רמב''ן/שדרות בית שמאי-מודיעי,59,0,0%
11871,871,קווים,שדרות הפלמח/חטיבת כרמלי-אשדוד<->משך חוכמה ז-מודיעין עילית-20,8,0,0%
11891,891,קווים,אבי עזרי א-מודיעין עילית<->שדרות הפלמח/חטיבת כרמלי-אשדוד-10,8,0,0%
10873,873,קווים,בית עלמין צבאי/יוסף בורג-ראשון לציון<->משך חוכמה ז-מודיעין ע,3,0,0%
11893,893,קווים,בית עלמין צבאי/יוסף בורג-ראשון לציון<->אבי עזרי ז-מודיעין עי,3,0,0%
11283,283,מטרופולין,רכבת/מסוף ביג - רציפים-אשדוד<->רבן יוחנן בן זכאי/שמעיה-אלעד-,41,0,0%
10883,883,קווים,בית עלמין צבאי/יוסף בורג-ראשון לציון<->מסוף מודיעין עילית/הו,44,0,0%
10885,885,קווים,שדרות האמוראים/זכריה הנביא-בית שמש<->רמב''ן/שדרות בית שמאי-מ,163,0,0%
29034,34,קווים,איזור התעשיה נשר-נחם<->גבעות עדן א'-מטה יהודה-20,42,0,0%
11128,128,קווים,האדמו''ר מרוז'ין/רבי עקיבא-ביתר עילית<->יוסף קארו/בן איש חי-,104,0,0%
12293,293,קווים,דרכי איש/הרב ברוק-ביתר עילית<->הרטום/שדרות גולדה מאיר-ירושלי,114,0,0%
16222,222,קווים,רוז'ין/ הטוב והמטיב-ביתר עילית<->אגרות משה/חזון אי''ש-ירושלי,27,0,0%
10875,875,קווים,משך חוכמה ב-מודיעין עילית<->שדרות האמוראים/רבינא-בית שמש-10,8,0,0%
10421,421,אגד,ת. רכבת תל אביב- סבידור/רציפים A-תל אביב יפו<->מצדה-מצדה-18,8,0,0%
10454,454,אלקטרה אפיקים,זכריה הנביא/שדרות האמוראים-בית שמש<->בני ברית/מורדי הגיטאות-,96,0,0%
20140,140,מטרופולין,עזוז/מרכז-עזוז<->ת.מרכזית באר שבע/הורדה-באר שבע-22,26,0,0%
11225,225,קווים,האדמו''ר מרוז'ין/רבי עקיבא-ביתר עילית<->כפר שאול/קצנלבוגן-יר,107,0,0%
14352,352,סופרבוס,עתאללה עאדל-שבלי<->מסוף מגדל העמק-מגדל העמק-20,36,0,0%
10283,283,אלקטרה אפיקים,חבקוק/מרים הנביאה-ראש העין<->ת.מרכזית תל אביב קומה 7/הורדה-ת,222,0,0%
12148,148,קווים,בן איש חי/יוסף קארו-בית שמש<->קדושת לוי/אוהל שרה-ביתר עילית-,47,0,0%
11224,224,קווים,רוז'ין/ הטוב והמטיב-ביתר עילית<->מעגלי הרי''ם לוין/האדמורים ,11,0,0%
12291,291,קווים,זוועהיל א-ביתר עילית<->הרטום/שדרות גולדה מאיר-ירושלים-11,121,0,0%
13176,176,קווים,ההגנה/חי''ש-רחובות<->הר''ן/קדושת לוי-ביתר עילית-20,15,0,0%
29031,31,קווים,קוצין/קרלה-מסילת ציון<->לוזית מרכז א-לוזית-21,38,0,0%
12237,237,קווים,האתרוג/קרלין-גבעת זאב<->הר''ן/קדושת לוי-ביתר עילית-20,101,0,0%
24067,67,סופרבוס,ת.מרכזית עפולה/רציפים-עפולה<->גבעת אלה-גבעת אלה-10,20,0,0%
30035,35,קווים,נחם ב-נחם<->מזכירות-נחושה-20,36,0,0%
11358,358,גי.בי.טורס,מסוף מגדל העמק/רציפים-מגדל העמק<->ת. מרכזית המפרץ/הורדה-חיפה,72,0,0%
18279,279,קווים,הרב ש''י זווין/הרב וינוגרד-ירושלים<->הר''ן/קדושת לוי-ביתר עי,11,0,0%
13133,133,קווים,גן הדסים/שדרות בית הלל-מודיעין עילית<->הר''ן/קדושת לוי-ביתר ,110,0,0%
12244,244,קווים,קדושת לוי/שלום רב-ביתר עילית<->מעגלי הרי''ם לוין/האדמורים מג,18,0,0%
10796,796,קווים,ביר אל סיכה-זמר<->מתנ''ס-עספיא-11,14,0,0%
11774,774,קווים,חט''ב א/עבד אל חי-טירה<->אוניברסיטה/רב תכליתי-חיפה-11,40,0,0%
12151,151,תנופה,התע''ש/יד חרוצים-כפר סבא<->ערבי הנחל/הדס-צופים-20,24,0,0%
18175,175,קווים,קדושת לוי/שלום רב-ביתר עילית<->שדרות ירושלים/ז'בוטינסקי-קרית,15,0,0%
12297,297,קווים,קדושת לוי/שלום רב-ביתר עילית<->כביש 396/''בי''ח הדסה עין כרם,1,0,0%
11199,199,קווים,ז'בוטינסקי/ אבו חצירא-בני ברק<->אמרי סופר/הרב אלישיב-ביתר עי,7,0,0%
11238,238,קווים,קדושת לוי/שלום רב-ביתר עילית<->קבר רחל-ירושלים-10,8,0,0%
12441,441,דן בדרום,מרכז תחבורתי הארזים/בינעירוני-ירושלים<->תחנה מרכזית גדרה-גדר,6,0,0%
12242,242,קווים,אגרות משה/חזון איש-ירושלים<->קדושת לוי/אוהל שרה-ביתר עילית-2,12,0,0%
21352,352,נסיעות ותיירות,ביג פאשן/עיריית נצרת-נצרת<->ת. מרכזית המפרץ/הורדה-חיפה-1#,62,0,0%
19383,383,קווים,מסוף מודיעין עילית-מודיעין עילית<->מרכז מסחרי/אגן האיילות-גב,10,0,0%
13385,385,קווים,מסוף מודיעין עילית-מודיעין עילית<->הרב אברהם רביץ-ירושלים-10,10,0,0%
11781,781,קווים,מסוף מודיעין עילית-מודיעין עילית<->נשיאי ישראל/הדקל-כרמיאל-1,10,0,0%
11484,484,תנופה,מרכז ספורט-מבשרת ציון<->ת. רכבת תל אביב - סבידור/הורדה-תל אב,48,0,0%
11485,485,דן בדרום,מגדל המים-אופקים<->מסוף הרכבת/הורדה-בית שמש-2#,18,0,0%
35056,56,מטרופולין,מסוף בני ברית-אשדוד<->קופת חולים/קוממיות-קוממיות-2#,10,0,0%
14163,163,קווים,מצפה אילן מרכז-מצפה אילן<->ת.רכבת חדרה מערב-חדרה-20,28,0,0%
10768,768,קווים,ת. רכבת חוף הכרמל-חיפה<->ביה''ס אשאטי-ג'סר א זרקא-20,55,0,0%
12485,485,דרך אגד עוטף ירושלים,חניון הלאום/שד' הנשיא השישי-ירושלים<->נתב''ג טרמינל 3/קומת ה,12,0,0%
12589,589,מטרופולין,מגדל מים-תל שבע<->מכללת ספיר-שער הנגב-1#,12,0,0%
10543,543,אגד,מלון יפה נוף-ערד<->מסוף שער העיר/הורדה-קרית גת-2א,16,0,0%
10402,402,אגד,קניון איילון-בני ברק<->מרכז תחבורתי הארזים/הורדה-ירושלים-15,825,0,0%
12209,209,קווים,נתיבות המשפט/סמינר-מודיעין עילית<->אזור התעשייה-בני ברק-12,99,0,0%
11453,453,מטרופולין,חניון הלאום-ירושלים<->ישיבת הר''ן/רבי יהודה הנשיא-אלעד-20,2,0,0%
11270,270,אגד,מסוף רדינג/רציפים-תל אביב יפו<->ת. מרכזית ראשל''צ-ראשון לציו,40,0,0%
10589,589,קווים,מסוף מודיעין עילית-מודיעין עילית<->מסוף שער העיר/הורדה-קרית ,5,0,0%
18482,482,דן בדרום,קדושת לוי/שלום רב-ביתר עילית<->מגדל המים-אופקים-1#,8,0,0%
10689,689,מטרופולין,מכללת אחוה-באר טוביה<->מסגד טאלב/קופת חולים לאומית-ערערה בנג,16,0,0%
10505,505,אגד,ת. מרכזית ק''ש/רציפים-קרית שמונה<->ת. מרכזית המפרץ/הורדה-חיפ,60,0,0%
10112,112,אגד,ת.מרכזית תל אביב קומה 6/רציפים-תל אביב יפו<->קבוץ פלמחים מרכ,2,0,0%
10318,318,אגד,מנחם בגין/בית עלמין-רחובות<->קניון איילון-בני ברק-1#,15,0,0%
10426,426,אגד,מרכז תחבורתי הארזים/בינעירוני-ירושלים<->רכבת קריית אריה/חנה ,164,0,0%
10202,202,אגד,ת. מרכזית חוף הכרמל/רציפים בינעירוני-חיפה<->מסוף רכבת קיסריה,82,0,0%
10406,406,אגד,ת. מרכזית ירושלים קומה 3/רציפים-ירושלים<->חניון אגד/דן שומרו,65,0,0%
10471,471,אגד,רמות/מסוף-ירושלים<->ת. רכבת תל אביב - סבידור/הורדה-תל אביב י,2,0,0%
10384,384,אגד,בית ספר שדה-תמר<->ת.מרכזית באר שבע/הורדה-באר שבע-2#,15,0,0%
10481,481,אגד,תלמוד תורה/דרך קדם-מעלה אדומים<->ת. רכבת תל אביב - סבידור/הו,8,0,0%
12460,460,אגד,ת. מרכזית ירושלים קומה 3/רציפים-ירושלים<->כיכר המעפיל-קרית ג,35,0,0%
11368,368,נתיב אקספרס,נשיאי ישראל/עומר-כרמיאל<->ת. מרכזית נהריה/הורדה-נהריה-2#,116,0,0%
13426,426,סופרבוס,תמר/זית-עמק יזרעאל<->קרית חינוך/הגיא-יקנעם עילית-21,40,0,0%
14413,413,סופרבוס,מפעלים אזוריים-עמק המעיינות<->ת.מרכזית עפולה/הורדה-עפולה-20,20,0,0%
23633,633,קווים,ביר אל סיכה-זמר<->ת.מרכזית תל אביב קומה 7/הורדה-תל אביב יפו-,39,0,0%
14288,288,גי.בי.טורס,עוזייר שכונה צפונית-עוזייר<->סחנין עיריה-סח'נין-1#,12,0,0%
10828,828,נסיעות ותיירות,קופת חולים/חרמון-נוף הגליל<->מסוף אלוף שדה-רמת גן-1#,20,0,0%
20108,108,קווים,מסוף עתידים-תל אביב יפו<->שדרות החשמונאים/לב העיר-מודיעין מכ,15,0,0%
11988,988,אגד,הנרקיסים/האירוסים ב-רכסים<->חזון אי''ש/האדמור מנדבורנא-בני ב,6,0,0%
10991,991,אגד,ת. מרכזית אילת/רציפים-אילת<->ת. מרכזית חוף הכרמל/הורדה-חיפה-,4,0,0%
15507,507,בית שמש אקספרס,מנחם בגין/בית עלמין-רחובות<->זכריה הנביא/שדרות האמוראים-בית ,76,0,0%
10187,187,תנופה,אולם ספורט-הר אדר<->שדרות שז''ר/בנייני האומה-ירושלים-20,88,0,0%
12241,241,קווים,שיבת ציון/טללים-ירושלים<->קדושת לוי/אוהל שרה-ביתר עילית-20,27,0,0%
11616,616,תנופה,שדרות נהר הדן/שדרות נחל צאלים-בית שמש<->הרטום/שדרות גולדה מא,296,0,0%
12620,620,תנופה,מסוף דרך חיים-בית שמש<->שדרות שז''ר/בנייני האומה-ירושלים-20,104,0,0%
11615,615,תנופה,מסוף דרך חיים-בית שמש<->שדרות שז''ר/בנייני האומה-ירושלים-20,250,0,0%
11577,577,מטרופולין,מרכז תחבורתי הארזים/בינעירוני-ירושלים<->מסוף/רבי יהודה הנשיא,158,0,0%
17179,179,נתיב אקספרס,ת. מרכזית ק''ש/רציפים-קרית שמונה<->מזכירות-חולתה-2#,16,0,0%
14281,281,ירושלים-רמאללה איחוד,מחסום קלנדיה-מטה בנימין<->מחסום קלנדיה-מטה בנימין-32,24,0,0%
18477,477,אלקטרה אפיקים,ת. רכבת תל אביב- סבידור/רציפים A-תל אביב יפו<->חבקוק/מרים הנ,230,0,0%
13324,324,בית שמש אקספרס,תחנת רכבת קריית גת/כניסה-קרית גת<->מסוף הרכבת/הורדה-בית שמש-,60,0,0%
13478,478,אלקטרה אפיקים,'עמל א-ראש העין<->ת. רכבת תל אביב - סבידור/הורדה-תל אביב יפו,24,0,0%
12364,364,נתיב אקספרס,ת. רכבת כרמיאל/רציפים-כרמיאל<->ת. מרכזית צפת/הורדה-צפת-2#,127,0,0%
18148,148,נתיב אקספרס,מזכירות-כלנית<->בר יוחאי-בר יוחאי-2#,15,0,0%
16149,149,נתיב אקספרס,ת. רכבת כרמיאל/רציפים-כרמיאל<->מזכירות-כלנית-2#,12,0,0%
28111,111,מועצה אזורית גולן,ת. מרכזית ק''ש/רציפים-קרית שמונה<->גשור-גשור-20,12,0,0%
11855,855,סופרבוס,מסוף מודיעין עילית-מודיעין עילית<->דולב/יצחק שדה-עפולה-20,10,0,0%
11344,344,גי.בי.טורס,ת. מרכזית המפרץ/רציפים בינעירוני-חיפה<->פאולוס השישי/תאופיק ,31,0,0%
10971,971,אגד,תחנה תפעולית/נחל גיבורים-חיפה<->חזון אי''ש/האדמור מנדבורנא-ב,20,0,0%
25018,18,מטרופולין,סלעית/שכונה צפונית-סלעית<->תחנה מרכזית כפ''ס/ויצמן-כפר סבא-2,80,0,0%
16123,123,גי.בי.טורס,עוזייר שכונה צפונית-עוזייר<->המכללה האקדמית כנרת-עמק הירדן-1,10,0,0%
17148,148,מטרופולין,ת.מרכזית תל אביב קומה 6/רציפים-תל אביב יפו<->מסוף שכונה ירוק,141,0,0%
13241,241,קווים,מסוף אום אל פחם-אום אל פחם<->ביה''ס אשאטי-ג'סר א זרקא-11,18,0,0%
35051,51,נתיב אקספרס,הרחבה-קדרים<->מסוף חצור הגלילית/הורדה-חצור הגלילית-2#,24,0,0%
10631,631,קווים,ת. רכבת חוצות המפרץ-חיפה<->קידמה/התמדה-חריש-21,41,0,0%
15137,137,מטרופולין,ת.מרכזית באר שבע/רציפים בינעירוני-באר שבע<->פארק המדע עומר-ע,45,0,0%
12262,262,מטרופולין,אלסלאם/אלתקוא-חורה<->ת.מרכזית באר שבע/הורדה-באר שבע-2#,22,0,0%
12208,208,קווים,מסוף שוהם-שוהם<->מחנה צבא/אהרון יריב-רמת השרון-10,4,0,0%
13430,430,אגד,חניון חנה וסע חטיבה שבע/איסוף-מטה יהודה<->חניון הלאום-ירושלי,94,0,0%
13608,608,מטרופולין,ת.מרכזית תל אביב קומה 6/רציפים-תל אביב יפו<->ת. רכבת נתניה-נ,210,0,0%
10602,602,מטרופולין,חבצלת החוף/אירוס הארגמן-נתניה<->ת.מרכזית תל אביב קומה 6/הורד,6,0,0%
11609,609,מטרופולין,ת. רכבת רעננה מערב/איסוף-רעננה<->ת. מרכזית נתניה-נתניה-2#,94,0,0%
12619,619,מטרופולין,מסוף קדמה-רמת השרון<->ת. מרכזית נתניה-נתניה-2#,42,0,0%
10612,612,מטרופולין,בית העלמין/חזון אי''ש-בני ברק<->קמיל הויסמנס/בלפור-נתניה-2#,203,0,0%
10617,617,מטרופולין,ת. רכבת הרצליה-הרצליה<->ת. רכבת נתניה-נתניה-2#,74,0,0%
10623,623,מטרופולין,ת.מרכזית תל אביב קומה 6/רציפים-תל אביב יפו<->חוף פולג/רמת פו,62,0,0%
10624,624,מטרופולין,זכריה הנביא/נריה הנביא-בית שמש<->הרצוג/עובדיה מברטנורא-נתניה,36,0,0%
11699,699,מטרופולין,הרכבת/ראש פינה-תל אביב יפו<->ת. מרכזית נתניה-נתניה-2#,30,0,0%
13603,603,מטרופולין,שמחה ארליך/שדרות בן גוריון-נתניה<->ת.מרכזית תל אביב קומה 6/ה,10,0,0%
14967,967,אגד,ת. מרכזית ירושלים קומה 3/רציפים-ירושלים<->מסוף בית שאן/הורדה,32,0,0%
14117,117,מטרופולין,כסייפה/שכונה 13-כסיפה<->הברזל/הזורע-באר שבע-2#,26,0,0%
51033,33,קווים,מסוף קסטינה-מלאכי לצפון-באר טוביה<->נחם א-נחם-20,8,0,0%
18147,147,נתיב אקספרס,ת. רכבת כרמיאל/רציפים-כרמיאל<->אזה''ת ג'יש-ג'יש-2#,22,0,0%
11792,792,אגד,מרכז רפואי-ערערה<->המגינים/הבנקים-חיפה-1#,5,0,0%
10854,854,סופרבוס,דולב/יצחק שדה-עפולה<->האתרוג/קרלין-גבעת זאב-10,12,0,0%
10975,975,אגד,מסוף עין התכלת/איסוף-נתניה<->הרצל/זבולון-חיפה-1#,8,0,0%
10976,976,אגד,תחנה תפעולית/נחל גיבורים-חיפה<->מרכז תחבורתי הארזים/הורדה-יר,3,0,0%
25170,170,קווים,מסוף כרמלית-תל אביב יפו<->ת. מרכזית לוד/הורדה-לוד-20,12,0,0%
39056,56,קווים,דרך לב השרון/האילן-קדימה צורן<->ת. רכבת בית יהושע-בית יהושע-,47,0,0%
53055,55,קווים,שבזי/סעדיה אבני-קדימה צורן<->ת. רכבת בית יהושע-בית יהושע-20,51,0,0%
31111,111,קווים,ת. רכבת בית יהושע-בית יהושע<->גורדון/כצנלסון-קדימה צורן-18,31,0,0%
28112,112,קווים,חוף פולג/רמת פולג-נתניה<->הדקל/מצדה-תל מונד-12,41,0,0%
15114,114,אלקטרה אפיקים,באקה/כניסה צפונית-באקה אל ע'רביה<->מסוף כפר קאסם-כפר קאסם-20,59,0,0%
13701,701,קווים,ת. רכבת בנימינה/הטחנה-בנימינה גבעת עדה<->הנרקיס/הסביון-זכרון,69,0,0%
17137,137,קווים,ת. רכבת בית שמש-בית שמש<->מעזריטש/שדרות דרך האר''י-ביתר עילי,22,0,0%
14620,620,קווים,האופן/החרש-פתח תקווה<->קופ''ח כללית-ג'ת-20,21,0,0%
12720,720,נסיעות ותיירות,בי''ס אבן ח'לדון/אלקאסמי-באקה אל ע'רביה<->תחנה מרכזית נצרת-נ,128,0,0%
11535,535,קווים,בית ספר כפר גנים/י''ד הבנים-פתח תקווה<->האתרוג/הלימון-שוהם-2,4,0,0%
28042,42,תנופה,ת. רכבת מלאכי יואב/איסוף-יואב<->רבדים-רבדים-20,122,0,0%
36041,41,תנופה,ת. רכבת מלאכי יואב/איסוף-יואב<->מגרש ספורט-שדות מיכה-20,122,0,0%
12233,233,קווים,ת. מרכזית נתניה/רציפים-נתניה<->'מצר א-מצר-21,50,0,0%
10468,468,אלקטרה אפיקים תחבורה,ת. מרכזית מודיעין מכבים רעות-מודיעין מכבים רעות<->תחנת רכבת ,116,0,0%
21148,148,נתיב אקספרס,שייח דנון כניסה-שייח' דנון<->ת.מרכזית עכו/דרך הארבעה-עכו-2#,32,0,0%
22130,130,קווים,מסוף שרונה-כפר יונה<->ת. מרכזית נתניה/הורדה-נתניה-10,89,0,0%
14241,241,קווים,ת. מרכזית נתניה/רציפים-נתניה<->חטיבת ביניים עתיד-כפר יונה-20,91,0,0%
14240,240,קווים,ת. מרכזית נתניה/רציפים-נתניה<->חטיבת ביניים עתיד-כפר יונה-20,53,0,0%
23140,140,קווים,חטיבת ביניים עתיד-כפר יונה<->ת. מרכזית נתניה/הורדה-נתניה-10,50,0,0%
19141,141,קווים,חטיבת ביניים עתיד-כפר יונה<->ת. מרכזית נתניה/הורדה-נתניה-10,81,0,0%
18138,138,קווים,חוף פולג/רמת פולג-נתניה<->מסוף שרונה-כפר יונה-23,161,0,0%
19131,131,קווים,ת. מרכזית נתניה/רציפים-נתניה<->מסוף שרונה-כפר יונה-20,117,0,0%
10492,492,גלים,צומת עלומים בארי-שדות נגב<->מרכז תחבורתי הארזים/הורדה-ירושלי,116,0,0%
10494,494,גלים,מרכז תחבורתי הארזים/בינעירוני-ירושלים<->שד.הרצל/משעול איריס-,80,0,0%
10495,495,גלים,גשר המיתרים/שד' הרצל-ירושלים<->בני נצרים-בני נצרים-20,26,0,0%
14466,466,גלים,מכללת אחוה-באר טוביה<->חממות-רהט-20,24,0,0%
10496,496,גלים,מרכז תחבורתי הארזים/בינעירוני-ירושלים<->ת.רכבת נתיבות/רציפים,105,0,0%
13462,462,גלים,מרכז מסחרי/דרך מנחם בגין-שדרות<->חממות-רהט-20,46,0,0%
19171,171,קווים,ביה''ס אשאטי-ג'סר א זרקא<->פוריידיס 16-פוריידיס-20,44,0,0%
13360,360,נתיב אקספרס,ת. מרכזית המפרץ/רציפים בינעירוני-חיפה<->ת. מרכזית צפת/הורדה-,70,0,0%
48030,30א,אגד,נמל תעופה רמון/רציפים-אילת<->תחנה מרכזית/חטיבת הנגב-אילת-2ז,114,0,0%
13445,445,מטרופולין,נתב''ג טרמינל 3/קומת תח''צ-נמל תעופה בן גוריון<->מסוף רדינג/,256,0,0%
14190,190,אגד,ת. רכבת תל אביב- סבידור/רציפים A-תל אביב יפו<->ת. רכבת הראשו,132,0,0%
13193,193,אגד,ת. רכבת הראשונים-ראשון לציון<->מסוף רדינג/הורדה-תל אביב יפו-,124,0,0%
18122,122,גי.בי.טורס,ת. מרכזית טבריה/השילוח-טבריה<->עוזייר שכונה צפונית-עוזייר-2#,15,0,0%
11632,632,קווים,ת.מרכזית תל אביב קומה 6/רציפים-תל אביב יפו<->קידמה/התמדה-חרי,47,0,0%
22479,479,קווים,מסוף קרית אונו-קרית אונו<->ארבע עונות/חללי אגוז-לוד-20,36,0,0%
10576,576,מטרופולין,'עמל א-ראש העין<->מסוף שכונה ירוקה-כפר סבא-2#,24,0,0%
20150,150,מטרופולין,אסימוב/שדרות ורדימון-ירוחם<->ת.מרכזית באר שבע/הורדה-באר שבע-,240,0,0%
16152,152,מטרופולין,אסימוב/שדרות ורדימון-ירוחם<->ת.מרכזית באר שבע/הורדה-באר שבע-,18,0,0%
15057,57א,אגד,פארק ירוחם-ירוחם<->כפר הסטודנטים/דרך יצחק שמיר-דימונה-2ז,80,0,0%
61080,80,מועצה אזורית גולן,בית ספר נופי גולן/סלעית-קצרין<->נאות גולן מרכז-נאות גולן-10,8,0,0%
15289,289,תנופה,תחנה תפעולית/חניון הרטום-אטון-ירושלים<->מרכז לגיל הרך/הרב א.,53,0,0%
15281,281,אלקטרה אפיקים,ת. רכבת תל אביב- סבידור/רציפים A-תל אביב יפו<->מסוף הריביירה,72,0,0%
20479,479,אלקטרה אפיקים תחבורה,הרב פנחס לוין/נתיבות שלום-עמנואל<->שדרות שז''ר/בנייני האומה-,167,0,0%
13611,611,מטרופולין,ת.מרכזית תל אביב קומה 6/רציפים-תל אביב יפו<->ת. מרכזית נתניה,60,0,0%
15635,635,קווים,ת. רכבת תל אביב- סבידור/רציפים A-תל אביב יפו<->בת חפר/שדרות ,114,0,0%
15794,794,אגד,ת. רכבת תל אביב- סבידור/רציפים A-תל אביב יפו<->ת. מרכזית איל,11,0,0%
12630,630,תנופה,זכריה הנביא/שדרות האמוראים-בית שמש<->בנייני האומה/הנשיא השיש,46,0,0%
12636,636,קווים,התע''ש/יד חרוצים-כפר סבא<->מסוף שרונה-כפר יונה-20,10,0,0%
12446,446,מטרופולין,נתב''ג טרמינל 3/קומת תח''צ-נמל תעופה בן גוריון<->מסוף הספורט,75,0,0%
14384,384,קווים,שדרות יחד שבטי ישראל/הרב אלישיב-לוד<->אזור התעשייה-בני ברק-1,74,0,0%
11884,884,קווים,מסוף מודיעין עילית-מודיעין עילית<->שדרות יחד שבטי ישראל/שבט ,79,0,0%
92004,4,קווים,ת. רכבת בית יהושע-בית יהושע<->החלוצים/הפרדסים-צור משה-20,7,0,0%
12704,704,אגד,ת. מרכזית חדרה-חדרה<->ת. רכבת תל אביב - סבידור/הורדה-תל אביב,78,0,0%
12626,626,תנופה,זכריה הנביא/שדרות האמוראים-בית שמש<->חניון רכבת מלחה/הורדה-י,220,0,0%
13309,309,נסיעות ותיירות,אזור תעשיה רמת ישי-רמת ישי<->מגרש ספורט/סוועאד-סואעד חמרייה-,74,0,0%
14310,310,נסיעות ותיירות,אזור תעשיה רמת ישי-רמת ישי<->מנזר סנטה אנה-ציפורי-2#,74,0,0%
15471,471,גלים,שדרות נפתלי הרץ אימבר/כפר דרום-באר שבע<->חממות-רהט-20,14,0,0%
12912,912,אגד,ת. מרכזית ירושלים/יפו-ירושלים<->ת. מרכזית טבריה/הורדה-טבריה-,101,0,0%
19380,380,מטרופולין,בית העלמין/חזון אי''ש-בני ברק<->רבן יוחנן בן זכאי/שמעיה-אלעד,85,0,0%
43047,47,אלקטרה אפיקים תחבורה,מעלה לבונה ה-מעלה לבונה<->'שילה ב-שילה-2#,24,0,0%
11140,140,אלקטרה אפיקים תחבורה,מסוף בית אל-בית אל<->שדרות שז''ר/בנייני האומה-ירושלים-2#,242,0,0%
13141,141,אלקטרה אפיקים תחבורה,מסוף בית אל-בית אל<->שדרות שז''ר/בנייני האומה-ירושלים-2#,205,0,0%
11145,145,אלקטרה אפיקים תחבורה,מסוף תל ציון-כוכב יעקב<->שדרות שז''ר/בנייני האומה-ירושלים-2#,360,0,0%
12146,146,אלקטרה אפיקים תחבורה,מעלה מכמש-מעלה מכמש<->מסוף שער בנימין/הורדה-מטה בנימין-2#,161,0,0%
15147,147,אלקטרה אפיקים תחבורה,מחנה רבין-מטה בנימין<->מסוף שער בנימין/הורדה-מטה בנימין-2#,41,0,0%
15148,148,אלקטרה אפיקים תחבורה,פסגות מרכז-פסגות<->תחנת רכבת קלה גבעת התחמושת-ירושלים-2#,182,0,0%
11462,462,אלקטרה אפיקים תחבורה,קניון אריאל-אריאל<->תחנת רכבת קלה גבעת התחמושת-ירושלים-2#,121,0,0%
16464,464,אלקטרה אפיקים תחבורה,קניון אריאל-אריאל<->תחנת רכבת קלה גבעת התחמושת-ירושלים-2#,75,0,0%
12466,466,אלקטרה אפיקים תחבורה,היובל/הגיתית-קדומים<->תחנת רכבת קלה גבעת התחמושת-ירושלים-2#,17,0,0%
11467,467,אלקטרה אפיקים תחבורה,אלון מורה/ישיבה-אלון מורה<->תחנת רכבת קלה גבעת התחמושת-ירושל,82,0,0%
13469,469,אלקטרה אפיקים תחבורה,היובל/הגיתית-קדומים<->שדרות שז''ר/בנייני האומה-ירושלים-2#,109,0,0%
14475,475,אלקטרה אפיקים תחבורה,היובל/הגיתית-קדומים<->שדרות שז''ר/בנייני האומה-ירושלים-2#,18,0,0%
11943,943,אלקטרה אפיקים תחבורה,ת. מרכזית ירושלים קומה 3/רציפים-ירושלים<->מסוף בית שאן/הורדה,11,0,0%
27222,222,מטרופולין,השונית/יורדי ים-הרצליה<->איזור התעשיה כפר סבא-כפר סבא-2#,176,0,0%
18322,322,מטרופולין,אחת עשרה נקודות/יצחק שמיר-נתיבות<->בית הלוחם-באר שבע-2#,22,0,0%
15342,342,מטרופולין,בית הלוחם-באר שבע<->המעפילים/דניאל-שדרות-2#,68,0,0%
21347,347,מטרופולין,המעפילים/דניאל-שדרות<->ת. מרכזית אשדוד-אשדוד-2#,38,0,0%
12411,411,אגד,קניון איילון-בני ברק<->חניון רכבת מלחה/הורדה-ירושלים-16,224,0,0%
14597,597,מטרופולין,רבן יוחנן בן זכאי/רבי טרפון-אלעד<->תיכון בית רחל-קוממיות-10,18,0,0%
12412,412,אגד,הרב אברהם רביץ/הרב וינוגרד-ירושלים<->קניון איילון-בני ברק-36,17,0,0%
17409,409,אגד,תחנה תפעולית/ביטוח לאומי-ירושלים<->קניון איילון-בני ברק-3#,185,0,0%
38098,98,קווים,ההדרים/עממי-אבן יהודה<->ת. מרכזית נתניה-נתניה-20,33,0,0%
20143,143,נתיב אקספרס,העיר העתיקה-עכו<->חניון שפרעם/תאופיק זיאד-שפרעם-2#,46,0,0%
12345,345,אלקטרה אפיקים תחבורה,מסוף תל ציון-כוכב יעקב<->שדרות שז''ר/בנייני האומה-ירושלים-2#,229,0,0%
13411,411,אלקטרה אפיקים תחבורה,עירייה-ביתר עילית<->'מיצד א-אספר-2#,54,0,0%
15380,380,אלקטרה אפיקים תחבורה,שד. כלב בן יפונה/דוד המלך-קרית ארבע<->ת. מרכזית ירושלים/הורד,181,0,0%
10440,440,אלקטרה אפיקים תחבורה,ת.מרכזית באר שבע/רציפים בינעירוני-באר שבע<->ת. מרכזית ירושלי,28,0,0%
15489,489,דרך אגד עוטף ירושלים,חניון הלאום/שד' הנשיא השישי-ירושלים<->אזור תעשיה-ראש העין-20,21,0,0%
16217,217,קווים,ממילא/קריב-ירושלים<->בריכה/עמק דותן-מודיעין מכבים רעות-27,10,0,0%
16117,117,קווים,חניון הלאום-ירושלים<->שדרות החשמונאים/לב העיר-מודיעין מכבים ,87,0,0%
15255,255,אלקטרה אפיקים,בית עלמין-ראש העין<->מוריה/שד. ירושלים-אריאל-11,72,0,0%
13413,413,אגד,מסוף הר נוף/בית הדפוס-ירושלים<->קניון איילון-בני ברק-36,15,0,0%
18230,230,גלים,מסוף שער העיר/איסוף-קרית גת<->ת.רכבת נתיבות/רציפים-נתיבות-20,66,0,0%
10321,321,אגד,מלון הוד המדבר-תמר<->הרצל/מ.כיתן-דימונה-29,4,0,0%
14856,856,סופרבוס,ת. מרכזית טבריה/השילוח-טבריה<->הר''ן/קדושת לוי-ביתר עילית-10,22,0,0%
16272,272,אגד,ששת הימים/יום הכיפורים-רחובות<->מסוף רדינג/הורדה-תל אביב יפו,13,0,0%
12594,594,גלים,קניון איילון-בני ברק<->שד.הרצל/משעול איריס-אופקים-20,111,0,0%
12498,498,גלים,מרכז תחבורתי הארזים/בינעירוני-ירושלים<->בית יוסף/הגבעה-תפרח-,30,0,0%
14598,598,גלים,קניון איילון-בני ברק<->בית יוסף/הגבעה-תפרח-20,39,0,0%
11593,593,גלים,קניון איילון-בני ברק<->בית יוסף/הגבעה-תפרח-20,102,0,0%
17450,450,קווים,יהודה שטיין/שד. דוד רזיאל-רמלה<->מסוף אוניברסיטת ת''א/הורדה-,13,0,0%
16499,499,גלים,מרכז תחבורתי הארזים/בינעירוני-ירושלים<->שד.הרצל/משעול איריס-,85,0,0%
12592,592,גלים,קניון איילון-בני ברק<->ת.רכבת נתיבות/רציפים-נתיבות-20,49,0,0%
43019,19,תנופה,הארבל/שורק-אורנית<->תחנת רכבת ראש העין צפון/רציפים-ראש העין-,20,0,0%
40020,20,תנופה,תחנת רכבת ראש העין צפון/רציפים-ראש העין<->בית כנסת עץ אפריים,11,0,0%
22073,73,תנופה,ת. מרכזית נתניה/רציפים-נתניה<->גני ילדים/היובל-קדומים-20,33,0,0%
44093,93,תנופה,מסוף רעננה/רציפים-רעננה<->גולן/גן ציבורי-אלפי מנשה-20,104,0,0%
36095,95,תנופה,החרש/עמל-פתח תקווה<->מוריה/שד. ירושלים-אריאל-20,61,0,0%
13100,100,תנופה,תחנת רכבת ראש העין צפון/רציפים-ראש העין<->מוריה/שד. ירושלים-,22,0,0%
13251,251,תנופה,קניון אדומים-מעלה אדומים<->מוריה/שד. ירושלים-אריאל-20,2,0,0%
13291,291,תנופה,ת. מרכזית מודיעין מכבים רעות-מודיעין מכבים רעות<->מוריה/שד. ,2,0,0%
17293,293,תנופה,ת. מרכזית רמלה-רמלה<->מוריה/שד. ירושלים-אריאל-20,6,0,0%
13586,586,תנופה,ת.מרכזית תל אביב קומה 7/רציפים-תל אביב יפו<->מוריה/שד. ירושל,65,0,0%
11961,961,תנופה,מרכז אלמוג/דרך הציונות-אריאל<->מוריה/יפה נוף-אריאל-10,4,0,0%
32086,86,תנופה,החרש/עמל-פתח תקווה<->מוריה/שד. ירושלים-אריאל-20,76,0,0%
12186,186,תנופה,ת.מרכזית תל אביב קומה 7/רציפים-תל אביב יפו<->מוריה/שד. ירושל,63,0,0%
12189,189,תנופה,אזור התעשייה-בני ברק<->הרב פנחס לוין/נתיבות שלום-עמנואל-20,77,0,0%
16284,284,תנופה,בי''ח שיב''א/שדרות אהרון קציר-רמת גן<->מוריה/שד. ירושלים-ארי,24,0,0%
10286,286,תנופה,ת.מרכזית תל אביב קומה 7/רציפים-תל אביב יפו<->מוריה/שד. ירושל,82,0,0%
14386,386,תנופה,ת.מרכזית תל אביב קומה 7/רציפים-תל אביב יפו<->מוריה/שד. ירושל,16,0,0%
11486,486,תנופה,החרש/עמל-פתח תקווה<->מוריה/שד. ירושלים-אריאל-20,14,0,0%
13215,215,קווים,משך חוכמה ב-מודיעין עילית<->אזור התעשייה-בני ברק-10,9,0,0%
10974,974,מטרופולין,תחנה תפעולית/נחל גיבורים-חיפה<->רבן יוחנן בן זכאי/שמעיה-אלעד,31,0,0%
13162,162,קווים,חוף ראשון לציון-ראשון לציון<->שדרות החשמונאים/לב העיר-מודיעי,92,0,0%
11468,468,גלים,בי''ס אלמותנבי-כסיפה<->ת.מרכזית אשקלון/הורדה-אשקלון-10,4,0,0%
10684,684,מטרופולין,מגדל מים-תל שבע<->מכללת אחוה-באר טוביה-2#,4,0,0%
17068,68,סופרבוס,מסוף מגדל העמק/רציפים-מגדל העמק<->נופית/יציאה-נופית-20,16,0,0%
13294,294,תנופה,ת. מרכזית רחובות/רציפים-רחובות<->מוריה/שד. ירושלים-אריאל-20,6,0,0%
13295,295,תנופה,דרך רון נחמן/גילה-אריאל<->שדרות בן צבי/הרב שמואל ברוך-ירושלי,3,0,0%
11962,962,תנופה,העצמאות/גנים-אריאל<->אפרתה/מבצע קדש-אריאל-10,4,0,0%
11964,964,תנופה,חושן/בזלת-אריאל<->יפתח/צה''ל-אריאל-10,4,0,0%
10947,947,אגד,ת. רכבת קרית אריה-פתח תקווה<->ת. רכבת חוף הכרמל-חיפה-1ב,81,0,0%
19200,200,אגד,חונים נוסעים ראשון לציון/יוסף טומי לפיד-ראשון לציון<->יוסף ט,83,0,0%
22025,25,תנופה,קידמה/התמדה-חריש<->בריכה-שקד-20,40,0,0%
24296,296,תנופה,בן ציון מיכאלי/יוסף נבו-הרצליה<->מוריה/שד. ירושלים-אריאל-20,6,0,0%
12260,260,אלקטרה אפיקים,השונית/יורדי ים-הרצליה<->בית העלמין-ראש העין-20,138,0,0%
26054,54,תנופה,קניון קרני שומרון-קרני שומרון<->מוריה/שד. ירושלים-אריאל-20,31,0,0%
31055,55,תנופה,היובל/הגיתית-קדומים<->מוריה/שד. ירושלים-אריאל-20,30,0,0%
12600,600,תנופה,שדרות האמוראים/תלמוד בבלי-בית שמש<->שדרות שז''ר/בנייני האומה,226,0,0%
15134,134,תנופה,מסוף רעננה/רציפים-רעננה<->גולן/גן ציבורי-אלפי מנשה-20,9,0,0%
10954,954,אגד,קופת חולים/העצמאות-קרית אתא<->חזון אי''ש/האדמור מנדבורנא-בני,10,0,0%
14276,276,אגד,המלך חסן השני/בוסי סנט ג'ורג-קרית עקרון<->ת. רכבת תל אביב - ,63,0,0%
11617,617,תנופה,קרית מדע ב'-ירושלים<->מסוף אליהו הנביא-בית שמש-15,333,0,0%
11618,618,תנופה,קרית מדע ב'-ירושלים<->מסוף אליהו הנביא-בית שמש-15,446,0,0%
10619,619,תנופה,קרית מדע ב'-ירושלים<->זכריה הנביא/נריה הנביא-בית שמש-15,330,0,0%
11614,614,תנופה,מסוף אליהו הנביא/איסוף-בית שמש<->וולפסון/קפלן-ירושלים-20,14,0,0%
21060,60,תנופה,מוריה/שד. ירושלים-אריאל<->אלון מורה/ישיבה-אלון מורה-20,31,0,0%
23058,58,תנופה,אלון מורה/ישיבה-אלון מורה<->מוריה/שד. ירושלים-אריאל-10,15,0,0%
25059,59,תנופה,מוריה/שד. ירושלים-אריאל<->הר ברכה/קשתי-ברכה-20,18,0,0%
10869,869,סופרבוס,בי''ח שיב''א/שדרות אהרון קציר-רמת גן<->ת.מרכזית עפולה/הורדה-,16,0,0%
12440,440,תנופה,ת. מרכזית נתניה/רציפים-נתניה<->מוריה/שד. ירושלים-אריאל-20,5,0,0%
13390,390,תנופה,הרב פנחס לוין/נתיבות שלום-עמנואל<->מסילת ישרים/שדרות בית הלל,48,0,0%
13257,257,תנופה,עמל/שלמה מיכאליס-פתח תקווה<->לבונה/שדרות ניצנים-בית אריה-20,24,0,0%
26078,78,תנופה,תחנת רכבת ראש העין צפון/רציפים-ראש העין<->קופת חולים לאומית/,40,0,0%
11267,267,תנופה,מסוף שכונה ירוקה-כפר סבא<->מוריה/שד. ירושלים-אריאל-20,24,0,0%
11276,276,תנופה,ת. מרכזית חדרה-חדרה<->מוריה/שד. ירושלים-אריאל-20,8,0,0%
11960,960,תנופה,ביה''ס אור זבולון/הנגב-אריאל<->מוריה/נווה שאנן-אריאל-20,4,0,0%
25050,50,תנופה,'עמל א-ראש העין<->מוריה/שד. ירושלים-אריאל-20,13,0,0%
11228,228,אגד,ת. רכבת גני אביב-לוד<->יוסף טומי לפיד/דרך ההצלחה-ראשון לציון,58,0,0%
11384,384,אלקטרה אפיקים תחבורה,שד. כלב בן יפונה/דוד המלך-קרית ארבע<->ת. מרכזית ירושלים/הורד,21,0,0%
10638,638,תנופה,שד.נהר הירדן/רבי יוחנן בן זכאי-בית שמש<->הרטום/שדרות גולדה מ,19,0,0%
10639,639,תנופה,זכריה הנביא/שדרות האמוראים-בית שמש<->הרטום/שדרות גולדה מאיר-,15,0,0%
12140,140,מטרופולין,ת. רכבת קרית אריה-פתח תקווה<->קלנסווה/יציאה צפונית-קלנסווה-2,212,0,0%
11348,348,קווים,שדרות בית שמאי/שדרות בית הלל-מודיעין עילית<->גבעת התחמושת/שר,48,0,0%
12318,318,קווים,משך חוכמה ב-מודיעין עילית<->גבעת התחמושת/שרגאי-ירושלים-10,15,0,0%
12328,328,קווים,גבעת התחמושת/שרגאי-ירושלים<->אור החיים ט-מודיעין עילית-20,48,0,0%
13416,416,אגד,תחנה תפעולית/ביטוח לאומי-ירושלים<->קניון איילון-בני ברק-3#,439,0,0%
13142,142,מטרופולין,ת. רכבת קרית אריה-פתח תקווה<->מסוף צור יגאל/כוכב יאיר-כוכב י,268,0,0%
11957,957,אגד,מעלות דוד-רכסים<->חזון אי''ש/האדמור מנדבורנא-בני ברק-2א,7,0,0%
17246,246,קווים,שדרות חיים ברלב/שרגאי-ירושלים<->אהל שרה/בנין דוד-ביתר עילית-,122,0,0%
10629,629,תנופה,הרב אברהם רביץ-ירושלים<->זכריה הנביא/שדרות האמוראים-בית שמש-,8,0,0%
14150,150,תנופה,המלכים/הגדוד העברי-נתניה<->הרב פנחס לוין/נתיבות שלום-עמנואל-,18,0,0%
13459,459,דן בדרום,מרכז תחבורתי הארזים/בינעירוני-ירושלים<->שדרות הפלמח/חטיבת כר,14,0,0%
15109,109,נתיב אקספרס,ת.מרכזית עכו/דרך הארבעה-עכו<->מגרש משולב-שעב-2#,52,0,0%
17067,67,נתיב אקספרס,שוק-ביענה<->מרכז טניס-סאג'ור-2א,74,0,0%
11621,621,תנופה,זכריה הנביא/נריה הנביא-בית שמש<->מסוף הר הצופים/מרטין בובר-י,14,0,0%
48087,87,תנופה,אולם ספורט-הר אדר<->יצחק נסים/חרמון-מבשרת ציון-20,84,0,0%
26052,52,נתיב אקספרס,אל ג'רביה ז-פקיעין<->מתחם ביג כרמיאל-כרמיאל-2ב,82,0,0%
28075,75,תנופה,ת. מרכזית נתניה/רציפים-נתניה<->מוריה/שד. ירושלים-אריאל-20,2,0,0%
12288,288,תנופה,היכל המשפט/אבא אבן-ירושלים<->מוריה/שד. ירושלים-אריאל-21,13,0,0%
14152,152,תנופה,החרש/עמל-פתח תקווה<->היובל/הנבל-קדומים-20,12,0,0%
19065,65,תנופה,הדקל/סובה-נופים<->עמל/שלמה מיכאליס-פתח תקווה-10,7,0,0%
12905,905,אגד,ת. מרכזית המפרץ/הורדה-חיפה<->נתב''ג טרמינל 3/קומת תח''צ-נמל ,16,0,0%
11570,570,מטרופולין,קניון איילון-בני ברק<->ת.מרכזית באר שבע/הורדה-באר שבע-1#,12,0,0%
19311,311,נסיעות ותיירות,אזור תעשיה רמת ישי-רמת ישי<->הושעייה-הושעיה-2#,74,0,0%
17292,292,תנופה,ת. מרכזית אשדוד/רציפים-אשדוד<->מוריה/שד. ירושלים-אריאל-20,6,0,0%
11963,963,תנופה,ביה''ס אור זבולון/הנגב-אריאל<->צה''ל/יואב-אריאל-20,4,0,0%
13160,160,קווים,מסוף רכבת קיסריה פרדס חנה/איסוף-פרדס חנה כרכור<->קידמה/התמדה,33,0,0%
13490,490,אגד,תחנה תפעולית/חניון תלפיות-ירושלים<->ת. רכבת תל אביב - סבידור,92,0,0%
14457,457,מטרופולין,מסוף השחר/הרב עובדיה יוסף-דימונה<->מרכז תחבורתי הארזים/הורדה,20,0,0%
10634,634,קווים,מסוף עתידים-תל אביב יפו<->קידמה/התמדה-חריש-20,29,0,0%
17977,977,אגד,מסוף עין התכלת/איסוף-נתניה<->הכלנית/הנורית-אשדוד-2#,8,0,0%
10637,637,תנופה,קרית מדע ב'-ירושלים<->מסוף אליהו הנביא-בית שמש-10,10,0,0%
12308,308,קווים,גן הדסים/שדרות בית הלל-מודיעין עילית<->גבעת התחמושת/שרגאי-יר,9,0,0%
12338,338,קווים,חניון תח''צ/שדרות בית הלל-מודיעין עילית<->גבעת התחמושת/שרגאי,15,0,0%
29062,62,תנופה,הרב פנחס לוין/נתיבות שלום-עמנואל<->אלון מורה/ישיבה-אלון מורה,6,0,0%
12437,437,תנופה,הדקל/סובה-נופים<->ת.מרכזית תל אביב קומה 7/הורדה-תל אביב יפו-,6,0,0%
45018,18,קווים,ברטעה-בסמ''ה<->קובאא אלדאארי א-כפר קרע-20,57,0,0%
12120,120,מטרופולין,בי''ס אלמותנבי-כסיפה<->ת.מרכזית באר שבע/הורדה-באר שבע-2#,17,0,0%
11477,477,מטרופולין,ת.מרכזית באר שבע/רציפים בינעירוני-באר שבע<->מסוף הרכבת/הורדה,40,0,0%
11258,258,מועצה אזורית גולן,מועצה-מסעדה<->ת. מרכזית ק''ש/הורדה-קרית שמונה-12,93,0,0%
14242,242,דן,מסוף בית העלמין/איסוף-בת ים<->מסוף עתידים-תל אביב יפו-20,408,0,0%
10695,695,בית שמש אקספרס,מסוף עתידים-תל אביב יפו<->שדרות האמוראים/רבינא-בית שמש-2#,92,0,0%
11681,681,בית שמש אקספרס,שד. לוי אשכול/שד. יהודה בן זאב-בית שמש<->קניון איילון-בני בר,187,0,0%
10680,680,בית שמש אקספרס,קניון איילון-בני ברק<->אליהו הנביא/הרב שלמה זלמן אויערבך-בית,128,0,0%
12558,558,מועצה אזורית גולן,ת. מרכזית צפת/רציפים-צפת<->כביש 989/כביש 98-מג'דל שמס-20,21,0,0%
10985,985,נתיב אקספרס,ת. מרכזית צפת/רציפים-צפת<->שדרות הפלמח/חטיבת כרמלי-אשדוד-26,59,0,0%
10987,987,נתיב אקספרס,ת. מרכזית צפת/רציפים-צפת<->זכריה הנביא/שדרות האמוראים-בית שמ,60,0,0%
11887,887,נתיב אקספרס,ת. מרכזית צפת/רציפים-צפת<->זכריה הנביא/שדרות האמוראים-בית שמ,38,0,0%
44021,21,תנופה,בית כנסת עץ אפריים/החרוב-עץ אפרים<->תחנת רכבת ראש העין צפון/,13,0,0%
10956,956,אגד,מרכז תחבורתי הארזים/בינעירוני-ירושלים<->מרכז רסקו-נוף הגליל-,58,0,0%
12178,178,מטרופולין,המרכבה/הבנאי-חולון<->מסוף עתידים-תל אביב יפו-2#,264,0,0%
10859,859,סופרבוס,מרכז תחבורתי הארזים/בינעירוני-ירושלים<->ת. מרכזית טבריה/הורד,4,0,0%
10662,662,בית שמש אקספרס,חונים נוסעים ראשון לציון/יוסף טומי לפיד-ראשון לציון<->מסוף ד,6,0,0%
11564,564,נתיב אקספרס,גאיה סנטר-ירכא<->דרך הארבעה/דרך המלאכה-עכו-2ב,104,0,0%
11308,308,נתיב אקספרס,אלרויס/אלזראעיה-טמרה<->ביג פאשן/עיריית נצרת-נצרת-1ב,40,0,0%
14226,226,קווים,שדרות חיים ברלב/שרגאי-ירושלים<->האדמו''ר מרוז'ין/בעל התניא-ב,108,0,0%
14194,194,אגד,ת. רכבת הראשונים-ראשון לציון<->ת. רכבת תל אביב - סבידור/דרך ,87,0,0%
11886,886,קווים,חניון שפירים/איסוף-בית דגן<->שדרות בית שמאי/שדרות בית הלל-מו,18,0,0%
13423,423,גלים,בי''ס אלמותנבי-כסיפה<->חממות-רהט-20,48,0,0%
13425,425,גלים,מגדל מים-תל שבע<->חממות-רהט-20,40,0,0%
13427,427,גלים,בית ספר לחינוך מיוחד-ערערה בנגב<->חממות-רהט-20,32,0,0%
10626,626,קווים,מסוף רעננה/הפנינה-רעננה<->דרך הלורד\אבני-תל מונד-20,16,0,0%
11265,265,דן בדרום,מסוף פארק אופקים-אופקים<->מאגר מים/אריאל שרון-נתיבות-2#,42,0,0%
12802,802,יונייטד טורס,חניון שפירים מערבי ב-בית דגן<->חניון שפירים מערבי ג/הורדה-בי,375,0,0%
13801,801,יונייטד טורס,חניון שפירים מערבי א-בית דגן<->חניון שפירים מערבי ג/הורדה-בי,375,0,0%
12358,358,מועצה אזורית גולן,ת. מרכזית ק''ש/רציפים-קרית שמונה<->מועצה-מסעדה-20,38,0,0%
11803,803,יונייטד טורס,חניון שפירים מערבי ג-בית דגן<->חניון שפירים מערבי ג/הורדה-בי,375,0,0%
13266,266,תנופה,בית כנסת עץ אפריים/החרוב-עץ אפרים<->מוריה/שד. ירושלים-אריאל-,4,0,0%
12885,885,נתיב אקספרס,בית ספר הר יונה/האדמו''ר מבעלזא -נוף הגליל<->שדרות הפלמח/חטי,27,0,0%
33017,17,תנופה,בית כנסת עץ אפריים/החרוב-עץ אפרים<->מסוף אורנית-אורנית-10,2,0,0%
12476,476,דרך אגד עוטף ירושלים,הר שמואל/אבני החושן-גבעת זאב<->אזור התעשייה-בני ברק-20,8,0,0%
15404,404,דרך אגד עוטף ירושלים,מרכז תחבורתי הארזים/בינעירוני-ירושלים<->בתי כנסת/איילת השחר-,189,0,0%
43022,22,מטרופולין,תחנה מרכזית כפ''ס/רציפים-כפר סבא<->נירית/מירון-נירית-1#,116,0,0%
25079,79,תנופה,מסוף רעננה/רציפים-רעננה<->היובל/הנבל-קדומים-20,14,0,0%
10682,682,מטרופולין,מכללת אחוה-באר טוביה<->בית ספר אלמג'ד חורה-חורה-1#,4,0,0%
25014,14א,נתיב אקספרס,ת. רכבת כרמיאל/רציפים-כרמיאל<->בית ג'ן 1-בית ג'ן-2ב,54,0,0%
25015,15א,נתיב אקספרס,ת. רכבת כרמיאל/רציפים-כרמיאל<->בית ג'ן 1-בית ג'ן-2ב,52,0,0%
14472,472,דן בדרום,אלפסי/ילדי אוסלו-נתיבות<->מקיף א'/מורדי הגטאות-אשדוד-2#,10,0,0%
16285,285,מטרופולין,רכבת/מסוף ביג - רציפים-אשדוד<->רבן יוחנן בן זכאי/שמעיה-אלעד-,46,0,0%
11599,599,מטרופולין,תיכון מקיף-אופקים<->רבן יוחנן בן זכאי/שמעיה-אלעד-20,22,0,0%
12341,341,נסיעות ותיירות,ת. מרכזית המפרץ/רציפים בינעירוני-חיפה<->שוק נוף הגליל-נוף הג,166,0,0%
12475,475,דן בדרום,מסוף פארק אופקים-אופקים<->מקיף א'/מורדי הגטאות-אשדוד-2#,15,0,0%
12254,254,אלקטרה אפיקים,התדהר/דפנה-רעננה<->חבקוק/שדרות בן גוריון-ראש העין-20,48,0,0%
19024,24,מטרופולין,דריג'את-דריג'את<->יהודה/תחנה מרכזית-ערד-21,124,0,0%
12459,459,מטרופולין,מסוף השחר/הרב עובדיה יוסף-דימונה<->מסוף הרכבת/הורדה-בית שמש-,25,0,0%
12231,231,ירושלים-דרום איחוד,מסוף הנביאים-ירושלים<->מסוף הנביאים/הורדה-ירושלים-3#,69,0,0%
24100,100,תנופה,קמפוס ספרא/מסוף כפר ההייטק-ירושלים<->חניון שפירים/הורדה-בית ,126,0,0%
15102,102,תנופה,מסוף הר הצופים/בנימין מזר-ירושלים<->חניון שפירים/הורדה-בית ד,40,0,0%
16118,118,תנופה,חניון רכבת מלחה/דרך יצחק מודעי-ירושלים<->שדרות החשמונאים/לב ,72,0,0%
15391,391,תנופה,קדושת לוי/שלום רב-ביתר עילית<->הרב פנחס לוין/נתיבות שלום-עמנ,48,0,0%
12121,121,תנופה,דרך רון נחמן/גילה-אריאל<->מסוף רדינג/הורדה-תל אביב יפו-10,10,0,0%
21134,134,קווים,בית ספר לבנות בית רבקה-כפר חב''ד<->הר''ן/קדושת לוי-ביתר עילי,28,0,0%
15168,168,קווים,שדרות האמוראים/זכריה הנביא-בית שמש<->הר''ן/קדושת לוי-ביתר עי,76,0,0%
12295,295,קווים,קדושת לוי/שלום רב-ביתר עילית<->כפר שאול/קצנלבוגן-ירושלים-10,5,0,0%
16239,239,קווים,שדרות חיים ברלב/שרגאי-ירושלים<->הר''ן/קדושת לוי-ביתר עילית-2,53,0,0%
11198,198,קווים,בן איש חי/יוסף קארו-בית שמש<->אמרי סופר/הרב אלישיב-ביתר עילי,7,0,0%
10215,215,אגד,תחנת רכבת חיפה מרכז השמונה-חיפה<->כיכר נחל דן/נשיאי ישראל-כר,8,0,0%
12945,945,מטרופולין,הרב עובדיה יוסף/חצב סובה-רכסים<->רבן יוחנן בן זכאי/שמעיה-אלע,24,0,0%
11965,965,תנופה,בית ספר עליזה בגין/בזלת-אריאל<->גנים/הסביונים-אריאל-20,3,0,0%
14296,296,קווים,חניון הרטום-ירושלים<->קדושת לוי/אוהל שרה-ביתר עילית-20,5,0,0%
12509,509,בית שמש אקספרס,שדרות יחד שבטי ישראל/הרב אלישיב-לוד<->שדרות האמוראים/רבינא-ב,20,0,0%
10244,244,אגד,בסיס שורה-סתריה<->קניון איילון/דרך אבא הלל-רמת גן-21,49,0,0%
11388,388,תנופה,אזור התעשייה-בני ברק<->הרב פנחס לוין/נתיבות שלום-עמנואל-24,19,0,0%
11389,389,תנופה,אזור התעשייה-בני ברק<->הרב פנחס לוין/נתיבות שלום-עמנואל-24,56,0,0%
16589,589,תנופה,אזור התעשייה-בני ברק<->הרב פנחס לוין/נתיבות שלום-עמנואל-24,23,0,0%
19112,112,תנופה,חניון שפירים/איסוף-בית דגן<->משרד המשפטים/צלאח א דין-ירושלים,4,0,0%
14147,147,קווים,בן איש חי/יוסף קארו-בית שמש<->קדושת לוי/אוהל שרה-ביתר עילית-,128,0,0%
11581,581,מטרופולין,מכללת ספיר-שער הנגב<->מסוף השחר/הרב עובדיה יוסף-דימונה-1#,20,0,0%
12468,468,מטרופולין,בי''ח שיב''א/שדרות אהרון קציר-רמת גן<->קלנסווה/יציאה צפונית-,120,0,0%
10628,628,תנופה,חזון איש/מסוף רמת שלמה-ירושלים<->זכריה הנביא/שדרות האמוראים-,8,0,0%
36025,25,אגד,חניון חנה וסע חטיבה שבע/איסוף-מטה יהודה<->שדרות החשמונאים/לב,18,0,0%
11401,401,דרך אגד עוטף ירושלים,בי''ח הרצוג/גבעת שאול-ירושלים<->אזור התעשייה-בני ברק-29,171,0,0%
29096,96,נתיב אקספרס,בית ספר נוטרדאם-מעיליא<->מאר אליאס/א סלעה-פסוטה-22,56,0,0%
12986,986,אגד,קדושת לוי/שלום רב-ביתר עילית<->הרצל/זבולון-חיפה-30,22,0,0%
11482,482,אגד,ת.רכבת תל אביב - סבידור/רציפים B-תל אביב יפו<->מסוף נווה יעק,11,0,0%
10811,811,דן נתיבים בעמ,חנה וסע שפיים/איסוף שאטלים-שפיים<->חנה וסע שפיים/הורדה שאטלי,136,0,0%
11812,812,דן נתיבים בעמ,חנה וסע שפיים/איסוף שאטלים-שפיים<->חנה וסע שפיים/הורדה שאטלי,136,0,0%
11813,813,דן נתיבים בעמ,חנה וסע שפיים/איסוף שאטלים-שפיים<->חנה וסע שפיים/הורדה שאטלי,136,0,0%
11814,814,דן נתיבים בעמ,חנה וסע שפיים/איסוף שאטלים-שפיים<->חנה וסע שפיים/הורדה שאטלי,136,0,0%
11815,815,דן נתיבים בעמ,חנה וסע שפיים/איסוף שאטלים-שפיים<->חנה וסע שפיים/הורדה שאטלי,136,0,0%
96002,2,מטרופולין,רכבת טייבה שער אפריים/איסוף-טייבה<->קלנסווה/יציאה צפונית-קלנ,224,0,0%
10262,262,אגד,ת. מרכזית כרמיאל/רציפים-כרמיאל<->ת. מרכזית המפרץ/הורדה-חיפה-,120,0,0%
10263,263,אגד,ת. מרכזית כרמיאל/רציפים-כרמיאל<->דרך הארבעה/דרך המלאכה-עכו-2,114,0,0%
10398,398,אגד,ת. מרכזית חדרה/רציפים-חדרה<->ת. מרכזית אילת-אילת-11,4,0,0%
13127,127,תנופה,מבוא דותן/מרכז-מבוא דותן<->ת. מרכזית חדרה-חדרה-20,2,0,0%
20074,74,סופרבוס,אל ג'בל / דרך יצחק רבין-בסמת טבעון<->ת. מרכזית המפרץ/הורדה-ח,1,0,0%
15139,139,מטרופולין,שדרות הארץ/דרך הפרחים-כוכב יאיר<->השונית/יורדי ים-הרצליה-1#,8,0,0%
10582,582,קווים,מסוף מודיעין עילית-מודיעין עילית<->בית ספר אוהל שרה/הרב עובד,10,0,0%
10583,583,קווים,דרך שרה/כ''ט בנובמבר-זכרון יעקב<->רמב''ן/שדרות בית שמאי-מודי,5,0,0%
10683,683,קווים,מסוף מודיעין עילית-מודיעין עילית<->דרך שרה/כ''ט בנובמבר-זכרו,5,0,0%
11872,872,קווים,בי''ח בלינסון/גשר מבצע ארנון-פתח תקווה<->משך חוכמה ז-מודיעין,3,0,0%
10882,882,קווים,בי''ח בלינסון/גשר מבצע ארנון-פתח תקווה<->מסוף מודיעין עילית/,7,0,0%
10478,478,אגד,תלמוד תורה/דרך קדם-מעלה אדומים<->ת.מרכזית באר שבע/הורדה-באר ,2,0,0%
11797,797,אגד,ת.מרכזית באר שבע/רציפים בינעירוני-באר שבע<->ת. מרכזית אילת-א,1,0,0%
10452,452,קווים,ת.מרכזית תל אביב קומה 6/רציפים-תל אביב יפו<->נציבות בתי הסוה,1,0,0%
10892,892,קווים,בי''ח בלינסון/גשר מבצע ארנון-פתח תקווה<->אבי עזרי ז-מודיעין ,3,0,0%
11895,895,קווים,אבי עזרי א-מודיעין עילית<->שדרות האמוראים/רבינא-בית שמש-10,8,0,0%
12160,160,קווים,ת. מרכזית מודיעין מכבים רעות-מודיעין מכבים רעות<->הפקולטה לח,4,0,0%
10432,432,סופרבוס,ת. מרכזית המפרץ/רציפים בינעירוני-חיפה<->גשר/מרכז-גשר-10,2,0,0%
